election_date,state,county_name,jurisdiction,jurisdiction_type,precinct_id,precinct_name,polling_place_id,location_type,name,address,notes,source,source_date,source_notes
2016-11-08,DE,Kent,Kent,county,05-11,,,,KENTON SCHOOL ,"265 MAIN ST, KENTON, DE 19955",,ORR,2019-09-05,
2016-11-08,DE,Kent,Kent,county,06-11,,,,HARTLY FIRE HALL ,"2898 ARTHURSVILLE RD, HARTLY, DE 19953",,ORR,2019-09-05,
2016-11-08,DE,Kent,Kent,county,08-11,,,,HARTLY FIRE HALL ,"2898 ARTHURSVILLE RD, HARTLY, DE 19953",,ORR,2019-09-05,
2016-11-08,DE,Kent,Kent,county,07-11,,,,KENTON RURITAN CLUB ,"249 S MAIN ST., KENTON, DE 19955",,ORR,2019-09-05,
2016-11-08,DE,Kent,Kent,county,09-11,,,,MARYDEL FIRE HALL ,"110 FIREHOUSE LN, MARYDEL, DE 19964",,ORR,2019-09-05,
2016-11-08,DE,Kent,Kent,county,10-11,,,,FRED FIFER III MIDDLE SCHOOL ,"109 E CAM-WYO AVE, CAM-WYO, DE 19934",,ORR,2019-09-05,
2016-11-08,DE,Kent,Kent,county,01-28,,,,SMYRNA MIDDLE SCHOOL ,"700 DUCK CRFEEK PARKWAY, SMYRNA, DE 19977",,ORR,2019-09-05,
2016-11-08,DE,Kent,Kent,county,02-28,,,,LEVIN CENTER ,"27 W MAIN ST, SMYRNA, DE 19977",,ORR,2019-09-05,
2016-11-08,DE,Kent,Kent,county,03-28,,,,CITIZENS HOSE FIRE CO 1 ,"103 W COMMERCE ST, SMYRNA, DE 19977",,ORR,2019-09-05,
2016-11-08,DE,Kent,Kent,county,06-28,,,,CITIZENS HOSE FIRE CO 1 ,"103 W COMMERCE ST, SMYRNA, DE 19977",,ORR,2019-09-05,
2016-11-08,DE,Kent,Kent,county,04-28,,,,SUNNYSIDE ELEMENTARY SCHOOL ,"123 RABBIT CHASE LANE, SMYRNA, DE 19977",,ORR,2019-09-05,
2016-11-08,DE,Kent,Kent,county,05-28,,,,SUNNYSIDE ELEMENTARY SCHOOL ,"123 RABBIT CHASE LANE, SMYRNA, DE 19977",,ORR,2019-09-05,
2016-11-08,DE,Kent,Kent,county,12-28,,,,SUNNYSIDE ELEMENTARY SCHOOL ,"123 RABBIT CHASE LANE, SMYRNA, DE 19977",,ORR,2019-09-05,
2016-11-08,DE,Kent,Kent,county,07-28,,,,LEIPSIC FIRE HALL ,"318 MAIN ST, DOVER, DE 19901",,ORR,2019-09-05,
2016-11-08,DE,Kent,Kent,county,08-28,,,,LEIPSIC FIRE HALL ,"318 MAIN ST, DOVER, DE 19901",,ORR,2019-09-05,
2016-11-08,DE,Kent,Kent,county,13-28,,,,LEIPSIC FIRE HALL ,"318 MAIN ST, DOVER, DE 19901",,ORR,2019-09-05,
2016-11-08,DE,Kent,Kent,county,09-28,,,,DEL TECH CORP TRAINING CENTER ,"400 CAMPUS DR, DOVER, DE 19904",,ORR,2019-09-05,
2016-11-08,DE,Kent,Kent,county,10-28,,,,TOWNE POINT ELEMENTARY SCHOOL ,"629 BUCKSON DR, DOVER, DE 19901",,ORR,2019-09-05,
2016-11-08,DE,Kent,Kent,county,11-28,,,,LITTLE CREEK FIRE HALL ,"311 MAIN ST, LITTLE CREEK, DE 19961",,ORR,2019-09-05,
2016-11-08,DE,Kent,Kent,county,01-29,,,,CLAYTON FIRE HALL ,"214 RAILROAD AVE, CLAYTON, DE 19938",,ORR,2019-09-05,
2016-11-08,DE,Kent,Kent,county,02-29,,,,CLAYTON FIRE HALL ,"214 RAILROAD AVE, CLAYTON, DE 19938",,ORR,2019-09-05,
2016-11-08,DE,Kent,Kent,county,03-29,,,,CHESWOLD FIRE HALL ,"371 MAIN ST, CHESWOLD, DE 19938",,ORR,2019-09-05,
2016-11-08,DE,Kent,Kent,county,04-29,,,,CHESWOLD FIRE HALL ,"371 MAIN ST, CHESWOLD, DE 19938",,ORR,2019-09-05,
2016-11-08,DE,Kent,Kent,county,05-29,,,,CHESWOLD FIRE HALL ,"371 MAIN ST, CHESWOLD, DE 19938",,ORR,2019-09-05,
2016-11-08,DE,Kent,Kent,county,07-29,,,,DEL TECH CORP TRAINING CNTR ,"400 CAMPUS DR, DOVER, DE 19904",,ORR,2019-09-05,
2016-11-08,DE,Kent,Kent,county,08-29,,,,STATE FIRE SCHOOL ,"1461 CHESTNUT GROVE RD, DOVER, DE 19904",,ORR,2019-09-05,
2016-11-08,DE,Kent,Kent,county,11-29,,,,STATE FIRE SCHOOL ,"1461 CHESTNUT GROVE RD, DOVER, DE 19904",,ORR,2019-09-05,
2016-11-08,DE,Kent,Kent,county,12-29,,,,STATE FIRE SCHOOL ,"1461 CHESTNUT GROVE RD, DOVER, DE 19904",,ORR,2019-09-05,
2016-11-08,DE,Kent,Kent,county,09-29,,,,FRED FIFER III MIDDLE SCHOOL ,"109 E CAM-WYO AVE, CAM-WYO, DE 19934",,ORR,2019-09-05,
2016-11-08,DE,Kent,Kent,county,10-29,,,,FRED FIFER III MIDDLE SCHOOL ,"109 E CAM-WYO AVE, CAM-WYO, DE 19934",,ORR,2019-09-05,
2016-11-08,DE,Kent,Kent,county,13-29,,,,NELLIE STOKES ,"3874 UPPER KING RD, DOVER, DE 19904",,ORR,2019-09-05,
2016-11-08,DE,Kent,Kent,county,01-30,,,,WILLOW GROVE CHURCH OF GOD ,"56 HONEYSUCKLE RD, CAM-WYO, DE 19934",,ORR,2019-09-05,
2016-11-08,DE,Kent,Kent,county,02-30,,,,RURITAN CLUB VIOLA ,"29 RURITAN LN, VIOLA, DE 19979",,ORR,2019-09-05,
2016-11-08,DE,Kent,Kent,county,03-30,,,,FELTON FIRE HALL ,"9 MAIN ST, FELTON, DE 19943",,ORR,2019-09-05,
2016-11-08,DE,Kent,Kent,county,04-30,,,,FELTON FIRE HALL ,"9 MAIN ST, FELTON, DE 19943",,ORR,2019-09-05,
2016-11-08,DE,Kent,Kent,county,05-30,,,,LAKE FOREST HIGH SCHOOL ,"5407 KILLENS POND RD, FELTON, DE 19943",,ORR,2019-09-05,
2016-11-08,DE,Kent,Kent,county,06-30,,,,LAKE FOREST HIGH SCHOOL ,"5407 KILLENS POND RD, FELTON, DE 19943",,ORR,2019-09-05,
2016-11-08,DE,Kent,Kent,county,07-30,,,,HARRINGTON FIRE HALL ,"20 CLARK ST, HARRINGTON, DE 19952",,ORR,2019-09-05,
2016-11-08,DE,Kent,Kent,county,08-30,,,,HARRINGTON FIRE HALL ,"20 CLARK ST, HARRINGTON, DE 19952",,ORR,2019-09-05,
2016-11-08,DE,Kent,Kent,county,09-30,,,,HARRINGTON FIRE HALL ,"20 CLARK ST, HARRINGTON, DE 19952",,ORR,2019-09-05,
2016-11-08,DE,Kent,Kent,county,10-30,,,,HOUSTON FIRE HALL ,"143 BROAD ST, HOUSTON, DE 19954",,ORR,2019-09-05,
2016-11-08,DE,Kent,Kent,county,11-30,,,,FARMINGTON FIRE HALL ,"20920 S DUPONT HWY, FARMINGTON, DE 19950",,ORR,2019-09-05,
2016-11-08,DE,Kent,Kent,county,12-30,,,,FARMINGTON FIRE HALL ,"20920 S DUPONT HWY, FARMINGTON, DE 19950",,ORR,2019-09-05,
2016-11-08,DE,Kent,Kent,county,01-31,,,,DEL TECH CORP TRAINING CNTR ,"400 CAMPUS DR, DOVER, DE 19904",,ORR,2019-09-05,
2016-11-08,DE,Kent,Kent,county,02-31,,,,STATE FIRE SCHOOL ,"1461 CHESTNUT GROVE RD, DOVER, DE 19904",,ORR,2019-09-05,
2016-11-08,DE,Kent,Kent,county,03-31,,,,BPOE #1903 ELKS ,"200 SAULSBURY RD, DOVER, DE 19904",,ORR,2019-09-05,
2016-11-08,DE,Kent,Kent,county,05-31,,,,BPOE #1903 ELKS ,"200 SAULSBURY RD, DOVER, DE 19904",,ORR,2019-09-05,
2016-11-08,DE,Kent,Kent,county,08-31,,,,BPOE #1903 ELKS ,"200 SAULSBURY RD, DOVER, DE 19904",,ORR,2019-09-05,
2016-11-08,DE,Kent,Kent,county,04-31,,,,NORTH DOVER ELEM SCHOOL ,"855 COLLEGE RD, DOVER, DE 19904",,ORR,2019-09-05,
2016-11-08,DE,Kent,Kent,county,06-31,,,,WILLIAM HENRY MIDDLE SCHOOL ,"65 CARVER RD, DOVER, DE 19904",,ORR,2019-09-05,
2016-11-08,DE,Kent,Kent,county,07-31,,,,WILLIAM HENRY MIDDLE SCHOOL ,"65 CARVER RD, DOVER, DE 19904",,ORR,2019-09-05,
2016-11-08,DE,Kent,Kent,county,11-31,,,,WILLIAM HENRY MIDDLE SCHOOL ,"65 CARVER RD, DOVER, DE 19904",,ORR,2019-09-05,
2016-11-08,DE,Kent,Kent,county,09-31,,,,FAIRVIEW ELEM SCHOOL ,"700 WALKER RD, DOVER, DE 19904",,ORR,2019-09-05,
2016-11-08,DE,Kent,Kent,county,10-31,,,,SOUTH DOVER ELEM SCHOOL ,"955 S STATE ST, DOVER, DE 19901",,ORR,2019-09-05,
2016-11-08,DE,Kent,Kent,county,01-32,,,,EAST DOVER ELEM SCHOOL ,"852 S LITTLE CREEK RD, DOVER, DE 19901",,ORR,2019-09-05,
2016-11-08,DE,Kent,Kent,county,07-32,,,,EAST DOVER ELEM SCHOOL ,"852 S LITTLE CREEK RD, DOVER, DE 19901",,ORR,2019-09-05,
2016-11-08,DE,Kent,Kent,county,09-32,,,,EAST DOVER ELEM SCHOOL ,"852 S LITTLE CREEK RD, DOVER, DE 19901",,ORR,2019-09-05,
2016-11-08,DE,Kent,Kent,county,02-32,,,,SOUTH DOVER ELEM SCHOOL ,"955 S STATE ST, DOVER, DE 19901",,ORR,2019-09-05,
2016-11-08,DE,Kent,Kent,county,03-32,,,,W REILY BROWN ELEM SCHOOL ,"360 WEBBS LN, DOVER, DE 19901",,ORR,2019-09-05,
2016-11-08,DE,Kent,Kent,county,05-32,,,,W REILY BROWN ELEM SCHOOL ,"360 WEBBS LN, DOVER, DE 19901",,ORR,2019-09-05,
2016-11-08,DE,Kent,Kent,county,10-32,,,,W REILY BROWN ELEM SCHOOL ,"360 WEBBS LN, DOVER, DE 19901",,ORR,2019-09-05,
2016-11-08,DE,Kent,Kent,county,04-32,,,,W.B. SIMPSON ELEM SCHOOL ,"5 OLD NORTH RD, CAM-WYO, DE 19934",,ORR,2019-09-05,
2016-11-08,DE,Kent,Kent,county,06-32,,,,LITTLE CREEK FIRE HALL ,"311 MAIN ST, LITTLE CREEK, DE 19961",,ORR,2019-09-05,
2016-11-08,DE,Kent,Kent,county,08-32,,,,LITTLE CREEK FIRE HALL ,"311 MAIN ST, LITTLE CREEK, DE 19961",,ORR,2019-09-05,
2016-11-08,DE,Kent,Kent,county,11-32,,,,ALLEN FREAR ELEM SCHOOL ,"238 SORGHUM MILL RD, CAM-WYO, DE 19934",,ORR,2019-09-05,
2016-11-08,DE,Kent,Kent,county,12-32,,,,F. NEIL POSTLETHWAIT SCHOOL ,"2841 S STATE ST, CAM-WYO, DE 19934",,ORR,2019-09-05,
2016-11-08,DE,Kent,Kent,county,01-33,,,,RURITAN CLUN VIOLA ,"29 RURITAN LN, VIOLA, DE 19979",,ORR,2019-09-05,
2016-11-08,DE,Kent,Kent,county,02-33,,,,F. NEIL POSTLETHWAIT SCHOOL ,"2841 S STATE ST, CAM-WYO, DE 19934",,ORR,2019-09-05,
2016-11-08,DE,Kent,Kent,county,03-33,,,,MAGNOLIA FIRE HALL ,"2 N MAIN STREET, MAGNOLIA, DE 19962",,ORR,2019-09-05,
2016-11-08,DE,Kent,Kent,county,04-33,,,,LAKE FOREST EAST ELEM SCHOOL ,"124 W FRONT ST, FREDERICA, DE 19946",,ORR,2019-09-05,
2016-11-08,DE,Kent,Kent,county,05-33,,,,LAKE FOREST EAST ELEM SCHOOL ,"124 W FRONT ST, FREDERICA, DE 19946",,ORR,2019-09-05,
2016-11-08,DE,Kent,Kent,county,06-33,,,,LAKE FOREST HIGH SCHOOL ,"5407 KILLENS POND RD, FELTON, DE 19943",,ORR,2019-09-05,
2016-11-08,DE,Kent,Kent,county,07-33,,,,HOUSTON FIRE HALL ,"143 BROAD ST, HOUSTON, DE 19954",,ORR,2019-09-05,
2016-11-08,DE,Kent,Kent,county,08-33,,,,MILFORD HIGH SCHOOL ,"1019 N WALNUT ST, MILFORD, DE 19963",,ORR,2019-09-05,
2016-11-08,DE,Kent,Kent,county,09-33,,,,MILFORD HIGH SCHOOL ,"1019 N WALNUT ST, MILFORD, DE 19963",,ORR,2019-09-05,
2016-11-08,DE,Kent,Kent,county,10-33,,,,FREDERICA FIRE HALL ,"2 FRONT ST, FREDERICA, DE 19946",,ORR,2019-09-05,
2016-11-08,DE,Kent,Kent,county,01-34,,,,W.B. SIMPSON ELEM SCHOOL ,"5 OLD NORTH RD, CAM-WYO, DE 19934",,ORR,2019-09-05,
2016-11-08,DE,Kent,Kent,county,02-34,,,,NELLIE STOKES ,"3874 UPPER KING RD, DOVER, DE 19904",,ORR,2019-09-05,
2016-11-08,DE,Kent,Kent,county,03-34,,,,CAESAR RODNEY HIGH SCHOOL ,"239 OLD NORTH RD, CAM-WYO, DE 19934",,ORR,2019-09-05,
2016-11-08,DE,Kent,Kent,county,04-34,,,,RURITAN CLUB VIOLA ,"29 RURITAN LN, VIOLA, DE 19979",,ORR,2019-09-05,
2016-11-08,DE,Kent,Kent,county,05-34,,,,POLYTECH HIGH SCHOOL ,"823 WALNUT SHADE RD, WOODSIDE, DE 19980",,ORR,2019-09-05,
2016-11-08,DE,Kent,Kent,county,06-34,,,,POLYTECH HIGH SCHOOL ,"823 WALNUT SHADE RD, WOODSIDE, DE 19980",,ORR,2019-09-05,
2016-11-08,DE,Kent,Kent,county,10-34,,,,POLYTECH HIGH SCHOOL ,"823 WALNUT SHADE RD, WOODSIDE, DE 19980",,ORR,2019-09-05,
2016-11-08,DE,Kent,Kent,county,07-34,,,,F. NEIL POSTLETHWAIT SCHOOL ,"2841 S STATE ST, CAM-WYO, DE 19934",,ORR,2019-09-05,
2016-11-08,DE,Kent,Kent,county,08-34,,,,ALLEN FREAR ELEM SCHOOL ,"238 SORGHUM MILL RD, CAM-WYO, DE 19934",,ORR,2019-09-05,
2016-11-08,DE,Kent,Kent,county,09-34,,,,STAR HILL ELEM ,"594 VOSHELLS MILL STAR HILL RD, DOVER, DE 19901",,ORR,2019-09-05,
2016-11-08,DE,Kent,Kent,county,11-34,,,,FRED FIFER III MIDDLE SCHOOL ,"109 E CAM-WYO AVE, CAM-WYO, DE 19934",,ORR,2019-09-05,
2016-11-08,DE,Sussex,Sussex,county,01-14,,,,LEWES FIRE HALL ,"347 SAVANNAH RD, LEWES, DE 19958",,ORR,2019-09-05,SoS stated the Sussex County did not change any polling places for years 2012-2018
2016-11-08,DE,Sussex,Sussex,county,02-14,,,,CAPE HENLOPEN HIGH SCHOOL ,"1250 KINGS HWY, LEWES, DE 19958",,ORR,2019-09-05,SoS stated the Sussex County did not change any polling places for years 2012-2018
2016-11-08,DE,Sussex,Sussex,county,03-14,,,,REHOBOTH FIRE HALL ,"219 REHOBOTH AVE, REHOBOTH, DE 19971",,ORR,2019-09-05,SoS stated the Sussex County did not change any polling places for years 2012-2018
2016-11-08,DE,Sussex,Sussex,county,04-14,,,,BEACON MIDDLE SCHOOL ,"19483 JOHN J. WILLIAMS HWY, LEWES, DE 19958",,ORR,2019-09-05,SoS stated the Sussex County did not change any polling places for years 2012-2018
2016-11-08,DE,Sussex,Sussex,county,05-14,,,,LEWES-REHOBOTH FIRE STA. NO.3 ,"21194 JOHN J. WILLIAMS HWY, LEWES, DE 19958",,ORR,2019-09-05,SoS stated the Sussex County did not change any polling places for years 2012-2018
2016-11-08,DE,Sussex,Sussex,county,06-14,,,,REHOBOTH FIRE CO. STA. NO. 2 ,"36027 AIRPORT RD, REHOBOTH, DE 19971",,ORR,2019-09-05,SoS stated the Sussex County did not change any polling places for years 2012-2018
2016-11-08,DE,Sussex,Sussex,county,07-14,,,,REHOBOTH ELEMENTARY SCHOOL ,"500 STOCKLEY ST, REHOBOTH, DE 19971",,ORR,2019-09-05,SoS stated the Sussex County did not change any polling places for years 2012-2018
2016-11-08,DE,Sussex,Sussex,county,01-20,,,,MILTON ELEMENTARY SCHOOL ,"512 FEDERAL ST, MILTON, DE 19968",,ORR,2019-09-05,SoS stated the Sussex County did not change any polling places for years 2012-2018
2016-11-08,DE,Sussex,Sussex,county,02-20,,,,MARINER MIDDLE SCHOOL ,"16391 HARBESON RD, MILTON, DE 19968",,ORR,2019-09-05,SoS stated the Sussex County did not change any polling places for years 2012-2018
2016-11-08,DE,Sussex,Sussex,county,03-20,,,,H.O. BRITTINGHAM SCHOOL ,"400 MULBERRY ST, MILTON, DE 19968",,ORR,2019-09-05,SoS stated the Sussex County did not change any polling places for years 2012-2018
2016-11-08,DE,Sussex,Sussex,county,04-20,,,,COOL SPRING PRES CHURCH HALL ,"28842 LOG CABIN HILL RD, LEWES, DE 19958",,ORR,2019-09-05,SoS stated the Sussex County did not change any polling places for years 2012-2018
2016-11-08,DE,Sussex,Sussex,county,05-20,,,,SHIELDS ELEMENTARY SCHOOL ,"910 SHIELDS AVE, LEWES, DE 19958",,ORR,2019-09-05,SoS stated the Sussex County did not change any polling places for years 2012-2018
2016-11-08,DE,Sussex,Sussex,county,06-20,,,,CAPE HENLOPEN HIGH SCHOOL ,"1250 KINGS HWY, LEWES, DE 19958",,ORR,2019-09-05,SoS stated the Sussex County did not change any polling places for years 2012-2018
2016-11-08,DE,Sussex,Sussex,county,07-20,,,,LEWES SCHOOL ,"820 SAVANNAH RD, LEWES, DE 19958",,ORR,2019-09-05,SoS stated the Sussex County did not change any polling places for years 2012-2018
2016-11-08,DE,Sussex,Sussex,county,08-20,,,,HARBESON CHURCH HALL ,"18636 HARBESON RD, HARBESON, DE 19951",,ORR,2019-09-05,SoS stated the Sussex County did not change any polling places for years 2012-2018
2016-11-08,DE,Sussex,Sussex,county,09-20,,,,MILTON FIRE HALL ,"116 FRONT ST, MILTON, DE 19968",,ORR,2019-09-05,SoS stated the Sussex County did not change any polling places for years 2012-2018
2016-11-08,DE,Sussex,Sussex,county,10-20,,,,BEACON MIDDLE SCHOOL ,"19483 JOHN J. WILLIAMS HWY, LEWES, DE 19958",,ORR,2019-09-05,SoS stated the Sussex County did not change any polling places for years 2012-2018
2016-11-08,DE,Sussex,Sussex,county,01-35,,,,GREENWOOD FIRE HALL ,"12611 SUSSEX HWY, GREENWOOD, DE 19950",,ORR,2019-09-05,SoS stated the Sussex County did not change any polling places for years 2012-2018
2016-11-08,DE,Sussex,Sussex,county,02-35,,,,BRIDGEVILLE FIRE HALL ,"315 MARKET ST, BRIDGEVILLE, DE 19933",,ORR,2019-09-05,SoS stated the Sussex County did not change any polling places for years 2012-2018
2016-11-08,DE,Sussex,Sussex,county,03-35,,,,WOODBRIDGE MIDDLE SCHOOL ,"307 S LAWS ST, BRIDGEVILLE, DE 19933",,ORR,2019-09-05,SoS stated the Sussex County did not change any polling places for years 2012-2018
2016-11-08,DE,Sussex,Sussex,county,04-35,,,,DEL TECH CARTER PARTNER CENTER ,"21179 COLLEGE DR, GEORGETOWN, DE 19947",,ORR,2019-09-05,SoS stated the Sussex County did not change any polling places for years 2012-2018
2016-11-08,DE,Sussex,Sussex,county,05-35,,,,SUSSEX TECH HIGH SCHOOL ,"17099 COUNTY SEAT HWY, GEORGETOWN, DE 19947",,ORR,2019-09-05,SoS stated the Sussex County did not change any polling places for years 2012-2018
2016-11-08,DE,Sussex,Sussex,county,06-35,,,,REDDEN COMMUNITY HALL ,"18192 REDDEN RD, GEORGETOWN, DE 19947",,ORR,2019-09-05,SoS stated the Sussex County did not change any polling places for years 2012-2018
2016-11-08,DE,Sussex,Sussex,county,07-35,,,,ELLENDALE FIRE HALL ,"302 MAIN ST, ELLENDALE, DE 19941",,ORR,2019-09-05,SoS stated the Sussex County did not change any polling places for years 2012-2018
2016-11-08,DE,Sussex,Sussex,county,01-36,,,,LULU ROSS ELEMENTARY SCHOOL ,"310 LOVERS LN, MILFORD, DE 19963",,ORR,2019-09-05,SoS stated the Sussex County did not change any polling places for years 2012-2018
2016-11-08,DE,Sussex,Sussex,county,02-36,,,,MISPILLION ELEMENTARY SCHOOL ,"311 LOVERS LN, MILFORD, DE 19963",,ORR,2019-09-05,SoS stated the Sussex County did not change any polling places for years 2012-2018
2016-11-08,DE,Sussex,Sussex,county,03-36,,,,LULU ROSS ELEMENTARY SCHOOL ,"310 LOVERS LN, MILFORD, DE 19963",,ORR,2019-09-05,SoS stated the Sussex County did not change any polling places for years 2012-2018
2016-11-08,DE,Sussex,Sussex,county,04-36,,,,MORRIS EARLY LEARNING CENTER ,"8609 THIRD ST, LINCOLN, DE 19960",,ORR,2019-09-05,SoS stated the Sussex County did not change any polling places for years 2012-2018
2016-11-08,DE,Sussex,Sussex,county,05-36,,,,MEMORIAL VOL FIRE CO ,"8009 SLAUGHTER BEACH RD, MILFORD, DE 19963",,ORR,2019-09-05,SoS stated the Sussex County did not change any polling places for years 2012-2018
2016-11-08,DE,Sussex,Sussex,county,06-36,,,,ELLENDALE FIRE HALL ,"302 MAIN ST, ELLENDALE, DE 19941",,ORR,2019-09-05,SoS stated the Sussex County did not change any polling places for years 2012-2018
2016-11-08,DE,Sussex,Sussex,county,07-36,,,,SLAUGHTERNECK EDUCATIONAL & COMMUNITY CENTER ,"22942 SLAUGHTER NECK RD, LINCOLN, DE 19960",,ORR,2019-09-05,SoS stated the Sussex County did not change any polling places for years 2012-2018
2016-11-08,DE,Sussex,Sussex,county,08-36,,,,DEL TECH JASON BLDG ,"21179 COLLEGE DR, GEORGETOWN, DE 19947",,ORR,2019-09-05,SoS stated the Sussex County did not change any polling places for years 2012-2018
2016-11-08,DE,Sussex,Sussex,county,09-36,,,,GEORGETOWN MIDDLE SCHOOL ,"301 W MARKET ST, GEORGETOWN, DE 19947",,ORR,2019-09-05,SoS stated the Sussex County did not change any polling places for years 2012-2018
2016-11-08,DE,Sussex,Sussex,county,10-36,,,,MEMORIAL VOL FIRE CO ,"8009 SLAUGHTER BEACH RD, MILFORD, DE 19963",,ORR,2019-09-05,SoS stated the Sussex County did not change any polling places for years 2012-2018
2016-11-08,DE,Sussex,Sussex,county,11-36,,,,DEL TECH JASON BLDG ,"21179 COLLEGE DR, GEORGETOWN, DE 19947",,ORR,2019-09-05,SoS stated the Sussex County did not change any polling places for years 2012-2018
2016-11-08,DE,Sussex,Sussex,county,01-37,,,,N. GEORGETOWN ELEMENTARY SCHOOL ,"664 N. BEDFORD ST, GEORGETOWN, DE 19947",,ORR,2019-09-05,SoS stated the Sussex County did not change any polling places for years 2012-2018
2016-11-08,DE,Sussex,Sussex,county,02-37,,,,GEORGETOWN ELEMENTARY SCHOOL ,"SUSSEX CENTRAL DR, GEORGETOWN, DE 19947",,ORR,2019-09-05,SoS stated the Sussex County did not change any polling places for years 2012-2018
2016-11-08,DE,Sussex,Sussex,county,03-37,,,,ZOAR CHURCH HALL ,"24463 GRAVEL HILL RD, MILLSBORO, DE 19966",,ORR,2019-09-05,SoS stated the Sussex County did not change any polling places for years 2012-2018
2016-11-08,DE,Sussex,Sussex,county,04-37,,,,LONG NECK ELEMENTARY SCHOOL ,"26064 SCHOOL RD, MILLSBORO, DE 19966",,ORR,2019-09-05,SoS stated the Sussex County did not change any polling places for years 2012-2018
2016-11-08,DE,Sussex,Sussex,county,05-37,,,,INDIAN RIVER FIRE HALL ,"32628 OAK ORCHARD RD, MILLSBORO, DE 19966",,ORR,2019-09-05,SoS stated the Sussex County did not change any polling places for years 2012-2018
2016-11-08,DE,Sussex,Sussex,county,06-37,,,,MID SUSSEX RESCUE SQUAD ,"31738 INDIAN MISSION RD, MILLSBORO, DE 19966",,ORR,2019-09-05,SoS stated the Sussex County did not change any polling places for years 2012-2018
2016-11-08,DE,Sussex,Sussex,county,07-37,,,,INDIAN RIVER FIRE CO. SUB STATION ,"25375 BANKS RD, MILLSBORO, DE 19966",,ORR,2019-09-05,SoS stated the Sussex County did not change any polling places for years 2012-2018
2016-11-08,DE,Sussex,Sussex,county,01-38,,,,INDIAN RIVER HIGH SCHOOL ,"29772 ARMORY RD, DAGSBORO, DE 19939",,ORR,2019-09-05,SoS stated the Sussex County did not change any polling places for years 2012-2018
2016-11-08,DE,Sussex,Sussex,county,02-38,,,,MILLVILLE FIRE HALL ,"35554 ATLANTIC AVE, MILLVILLE, DE 19967",,ORR,2019-09-05,SoS stated the Sussex County did not change any polling places for years 2012-2018
2016-11-08,DE,Sussex,Sussex,county,03-38,,,,LORD BALTIMORE ELEMENTARY SCHOOL ,"120 ATLANTIC AVE, OCEAN VIEW, DE 19970",,ORR,2019-09-05,SoS stated the Sussex County did not change any polling places for years 2012-2018
2016-11-08,DE,Sussex,Sussex,county,04-38,,,,BETHANY BEACH FIRE HALL ,"215 HOLLYWOOD ST, BETHANY BEACH, DE 19930",,ORR,2019-09-05,SoS stated the Sussex County did not change any polling places for years 2012-2018
2016-11-08,DE,Sussex,Sussex,county,05-38,,,,FENWICK ISLAND TOWN HALL ,"800 COASTAL HWY, FENWICK ISLAND, DE 19944",,ORR,2019-09-05,SoS stated the Sussex County did not change any polling places for years 2012-2018
2016-11-08,DE,Sussex,Sussex,county,06-38,,,,ROXANA FIRE HALL ,"35943 ZION CHURCH RD, FRANKFORD, DE 19945",,ORR,2019-09-05,SoS stated the Sussex County did not change any polling places for years 2012-2018
2016-11-08,DE,Sussex,Sussex,county,07-38,,,,ROXANA FIRE HALL ,"35943 ZION CHURCH RD, FRANKFORD, DE 19945",,ORR,2019-09-05,SoS stated the Sussex County did not change any polling places for years 2012-2018
2016-11-08,DE,Sussex,Sussex,county,08-38,,,,SELBYVILLE MIDDLE SCHOOL ,"80 BETHANY RD, SELBYVILLE, DE 19975",,ORR,2019-09-05,SoS stated the Sussex County did not change any polling places for years 2012-2018
2016-11-08,DE,Sussex,Sussex,county,01-39,,,,SEAFORD MIDDLE SCHOOL ,"500 E. STEIN HWY, SEAFORD, DE 19973",,ORR,2019-09-05,SoS stated the Sussex County did not change any polling places for years 2012-2018
2016-11-08,DE,Sussex,Sussex,county,02-39,,,,SEAFORD SENIOR HIGH SCHOOL ,"399 N. MARKET ST, SEAFORD, DE 19973",,ORR,2019-09-05,SoS stated the Sussex County did not change any polling places for years 2012-2018
2016-11-08,DE,Sussex,Sussex,county,03-39,,,,SEAFORD SENIOR HIGH SCHOOL ,"399 N. MARKET ST, SEAFORD, DE 19973",,ORR,2019-09-05,SoS stated the Sussex County did not change any polling places for years 2012-2018
2016-11-08,DE,Sussex,Sussex,county,04-39,,,,SEAFORD CITY HALL ,"414 HIGH ST, SEAFORD, DE 19973",,ORR,2019-09-05,SoS stated the Sussex County did not change any polling places for years 2012-2018
2016-11-08,DE,Sussex,Sussex,county,05-39,,,,WEST SEAFORD ELEMENTARY SCHOOL ,"511 SUSSEX AVE, SEAFORD, DE 19973",,ORR,2019-09-05,SoS stated the Sussex County did not change any polling places for years 2012-2018
2016-11-08,DE,Sussex,Sussex,county,06-39,,,,BLADES FIRE HALL ,"200 E. FIFTH ST, SEAFORD, DE 19973",,ORR,2019-09-05,SoS stated the Sussex County did not change any polling places for years 2012-2018
2016-11-08,DE,Sussex,Sussex,county,07-39,,,,BLADES ELEMENTARY SCHOOL ,"900 S. ARCH ST, BLADES, DE 19973",,ORR,2019-09-05,SoS stated the Sussex County did not change any polling places for years 2012-2018
2016-11-08,DE,Sussex,Sussex,county,01-40,,,,N. LAUREL EARLY LEARNING ACAD ,"300 WILSON ST, LAUREL, DE 19956",,ORR,2019-09-05,SoS stated the Sussex County did not change any polling places for years 2012-2018
2016-11-08,DE,Sussex,Sussex,county,02-40,,,,LAUREL MIDDLE SCHOOL ,"1131 S. CENTRAL AVE, LAUREL, DE 19956",,ORR,2019-09-05,SoS stated the Sussex County did not change any polling places for years 2012-2018
2016-11-08,DE,Sussex,Sussex,county,03-40,,,,LAUREL FIRE HALL ,"205 W. 10TH ST, LAUREL, DE 19956",,ORR,2019-09-05,SoS stated the Sussex County did not change any polling places for years 2012-2018
2016-11-08,DE,Sussex,Sussex,county,04-40,,,,LAUREL HIGH SCHOOL ,"1133 S. CENTRAL AVE, LAUREL, DE 19956",,ORR,2019-09-05,SoS stated the Sussex County did not change any polling places for years 2012-2018
2016-11-08,DE,Sussex,Sussex,county,05-40,,,,LAUREL HIGH SCHOOL ,"1133 S. CENTRAL AVE, LAUREL, DE 19956",,ORR,2019-09-05,SoS stated the Sussex County did not change any polling places for years 2012-2018
2016-11-08,DE,Sussex,Sussex,county,06-40,,,,DELMAR FIRE HALL ,"GROVE & BI-STATE BLVD, DELMAR, DE 19940",,ORR,2019-09-05,SoS stated the Sussex County did not change any polling places for years 2012-2018
2016-11-08,DE,Sussex,Sussex,county,07-40,,,,DELMAR HIGH SCHOOL ,"200 N. EIGHTH ST, DELMAR, DE 19940",,ORR,2019-09-05,SoS stated the Sussex County did not change any polling places for years 2012-2018
2016-11-08,DE,Sussex,Sussex,county,08-40,,,,DOT TRANSPORTATION BLDG ,"23697 DUPONT HWY, GEORGETOWN, DE 19947",,ORR,2019-09-05,SoS stated the Sussex County did not change any polling places for years 2012-2018
2016-11-08,DE,Sussex,Sussex,county,01-41,,,,GUMBORO FIRE HALL ,"37030 MILLSBORO HWY, MILLSBORO, DE 19966",,ORR,2019-09-05,SoS stated the Sussex County did not change any polling places for years 2012-2018
2016-11-08,DE,Sussex,Sussex,county,02-41,,,,E. MILLSBORO ELEMENTARY SCHOOL ,"29346 IRON BRANCH RD, MILLSBORO, DE 19966",,ORR,2019-09-05,SoS stated the Sussex County did not change any polling places for years 2012-2018
2016-11-08,DE,Sussex,Sussex,county,03-41,,,,FRANKFORD FIRE HALL ,"7 MAIN ST, FRANKFORD, DE 19945",,ORR,2019-09-05,SoS stated the Sussex County did not change any polling places for years 2012-2018
2016-11-08,DE,Sussex,Sussex,county,04-41,,,,DAGSBORO FIRE HALL ,"28331 CLAYTON ST, DAGSBORO, DE 19939",,ORR,2019-09-05,SoS stated the Sussex County did not change any polling places for years 2012-2018
2016-11-08,DE,Sussex,Sussex,county,05-41,,,,MILLSBORO FIRE HALL ,"109 E. STATE ST, MILLSBORO, DE 19966",,ORR,2019-09-05,SoS stated the Sussex County did not change any polling places for years 2012-2018
2016-11-08,DE,Sussex,Sussex,county,06-41,,,,MILLSBORO TOWN CENTER ,"322 WILSON HWY, MILLSBORO, DE 19966",,ORR,2019-09-05,SoS stated the Sussex County did not change any polling places for years 2012-2018
2016-11-08,DE,Sussex,Sussex,county,07-41,,,,SELBYVILLE FIRE HALL ,"30 N. MAIN ST, SELBYVILLE, DE 19975",,ORR,2019-09-05,SoS stated the Sussex County did not change any polling places for years 2012-2018
2016-11-08,DE,Sussex,Sussex,county,08-41,,,,SUSSEX CENTRAL HIGH SCHOOL ,"26026 PATRIOTS WAY, GEORGETOWN, DE 19947",,ORR,2019-09-05,SoS stated the Sussex County did not change any polling places for years 2012-2018
2016-11-08,DE,Sussex,Sussex,county,16-41,,,,DEPARTMENT OF ELECTIONS SUSSEX (VIRT) ,"119 N RACE STREET, GEORGETOWN, DE 19947",,ORR,2019-09-05,SoS stated the Sussex County did not change any polling places for years 2012-2018
2016-11-08,DE,New Castle,New Castle,county,1-1,,,,P S DUPONT MIDDLE SCHOOL,"701 W 34TH ST, WILMINGTON, DE 19802",,ORR,2019-09-05,
2016-11-08,DE,New Castle,New Castle,county,2-1,,,,HARLAN ELEMENTARY SCHOOL,"3601 N JEFFERSON ST, WILMINGTON, DE 19802",,ORR,2019-09-05,
2016-11-08,DE,New Castle,New Castle,county,3-1,,,,P S DUPONT MIDDLE SCHOOL,"701 W 34TH ST, WILMINGTON, DE 19802",,ORR,2019-09-05,
2016-11-08,DE,New Castle,New Castle,county,4-1,,,,SHORTLIDGE ACADEMY,"100 W 18TH ST, WILMINGTON, DE 19802",,ORR,2019-09-05,
2016-11-08,DE,New Castle,New Castle,county,5-1,,,,THE PARK VIEW,"1800 N BROOM ST, WILMINGTON, DE 19802",,ORR,2019-09-05,
2016-11-08,DE,New Castle,New Castle,county,6-1,,,,BAYNARD APARTMENTS,"309 W 18TH ST, WILMINGTON, DE 19802",,ORR,2019-09-05,
2016-11-08,DE,New Castle,New Castle,county,7-1,,,,WILMINGTON SENIOR CENTER,"1901 N MARKET ST, WILMINGTON, DE 19802",,ORR,2019-09-05,
2016-11-08,DE,New Castle,New Castle,county,8-1,,,,DEPARTMENT OF LABOR,"4425 N MARKET ST, WILMINGTON, DE 19802",,ORR,2019-09-05,
2016-11-08,DE,New Castle,New Castle,county,9-1,,,,MUSIC SCHOOL OF DELAWARE,"4101 N WASHINGTON ST, WILMINGTON, DE 19802",,ORR,2019-09-05,
2016-11-08,DE,New Castle,New Castle,county,10-1,,,,CRESTVIEW APARTMENTS,"2700 N MARKET ST, WILMINGTON, DE 19802",,ORR,2019-09-05,
2016-11-08,DE,New Castle,New Castle,county,11-1,,,,P S DUPONT MIDDLE SCHOOL,"701 W 34TH ST, WILMINGTON, DE 19802",,ORR,2019-09-05,
2016-11-08,DE,New Castle,New Castle,county,12-1,,,,PAL OF WILMINGTON,"3707 N MARKET ST, WILMINGTON, DE 19802",,ORR,2019-09-05,
2016-11-08,DE,New Castle,New Castle,county,13-1,,,,DEPARTMENT OF LABOR,"4425 N MARKET ST, WILMINGTON, DE 19802",,ORR,2019-09-05,
2016-11-08,DE,New Castle,New Castle,county,14-1,,,,MT PLEASANT HIGH SCHOOL,"5201 N WASHINGTON ST EXT, WILMINGTON, DE 19809",,ORR,2019-09-05,
2016-11-08,DE,New Castle,New Castle,county,1-2,,,,BANCROFT ELEMENTARY SCHOOL,"700 N LOMBARD ST, WILMINGTON, DE 19801",,ORR,2019-09-05,
2016-11-08,DE,New Castle,New Castle,county,2-2,,,,EAST SIDE CHARTER SCHOOL,"3000 N CLAYMONT ST, WILMINGTON, DE 19802",,ORR,2019-09-05,
2016-11-08,DE,New Castle,New Castle,county,3-2,,,,STUBBS ELEMENTARY SCHOOL,"1100 N PINE ST, WILMINGTON, DE 19801",,ORR,2019-09-05,
2016-11-08,DE,New Castle,New Castle,county,4-2,,,,LUTHER TOWERS - I,"1201 N HARRISON ST, WILMINGTON, DE 19806",,ORR,2019-09-05,
2016-11-08,DE,New Castle,New Castle,county,5-2,,,,PULASKI ELEMENTARY SCHOOL,"1300 CEDAR ST, WILMINGTON, DE 19805",,ORR,2019-09-05,
2016-11-08,DE,New Castle,New Castle,county,6-2,,,,CARVEL STATE OFFICE BUILDING,"820 N FRENCH ST, WILMINGTON, DE 19801",,ORR,2019-09-05,
2016-11-08,DE,New Castle,New Castle,county,7-2,,,,RICHARDSON PARK ELEM SCHOOL,"16 IDELLA AVE, WILMINGTON, DE 19804",,ORR,2019-09-05,
2016-11-08,DE,New Castle,New Castle,county,8-2,,,,STUBBS ELEMENTARY SCHOOL,"1100 N PINE ST, WILMINGTON, DE 19801",,ORR,2019-09-05,
2016-11-08,DE,New Castle,New Castle,county,9-2,,,,RICHARDSON PARK ELEM SCHOOL,"16 IDELLA AVE, WILMINGTON, DE 19804",,ORR,2019-09-05,
2016-11-08,DE,New Castle,New Castle,county,10-2,,,,CONNECTIONS/VICTORIOUS FAITH,"500 W 8TH ST, WILMINGTON, DE 19801",,ORR,2019-09-05,
2016-11-08,DE,New Castle,New Castle,county,11-2,,,,THOMAS EDISON CHARTER SCHOOL,"2200 N LOCUST ST, WILMINGTON, DE 19802",,ORR,2019-09-05,
2016-11-08,DE,New Castle,New Castle,county,12-2,,,,KINGSWOOD COMMUNITY CENTER,"2300 BOWERS ST, WILMINGTON, DE 19802",,ORR,2019-09-05,
2016-11-08,DE,New Castle,New Castle,county,17-2,,,,CARVEL STATE OFFICE BLDG (FED),"820 N FRENCH ST, WILMINGTON, DE 19801",,ORR,2019-09-05,
2016-11-08,DE,New Castle,New Castle,county,1-3,,,,HILLTOP LUTHERAN NEIGHBORHOOD,"1018 W 6TH ST, WILMINGTON, DE 19805",,ORR,2019-09-05,
2016-11-08,DE,New Castle,New Castle,county,2-3,,,,ZION LUTHERAN CHURCH,"2101 LANCASTER AVE, WILMINGTON, DE 198053731",,ORR,2019-09-05,
2016-11-08,DE,New Castle,New Castle,county,3-3,,,,CAB CALLOWAY SCHOOL OF ARTS,"100 N DUPONT RD, WILMINGTON, DE 19807",,ORR,2019-09-05,
2016-11-08,DE,New Castle,New Castle,county,4-3,,,,QUAKER HILL PLACE APARTMENTS,"200 N WASHINGTON ST, WILMINGTON, DE 19801",,ORR,2019-09-05,
2016-11-08,DE,New Castle,New Castle,county,5-3,,,,CONNECTIONS/VICTORIOUS FAITH,"500 W 8TH ST, WILMINGTON, DE 19801",,ORR,2019-09-05,
2016-11-08,DE,New Castle,New Castle,county,6-3,,,,HILLTOP LUTHERAN NEIGHBORHOOD,"1018 W 6TH ST, WILMINGTON, DE 19805",,ORR,2019-09-05,
2016-11-08,DE,New Castle,New Castle,county,7-3,,,,CLAYMORE SENIOR CENTER,"504 S CLAYTON ST, WILMINGTON, DE 19805",,ORR,2019-09-05,
2016-11-08,DE,New Castle,New Castle,county,8-3,,,,BAYARD MIDDLE SCHOOL,"200 S DUPONT ST, WILMINGTON, DE 19805",,ORR,2019-09-05,
2016-11-08,DE,New Castle,New Castle,county,9-3,,,,BAYARD MIDDLE SCHOOL,"200 S DUPONT ST, WILMINGTON, DE 19805",,ORR,2019-09-05,
2016-11-08,DE,New Castle,New Castle,county,10-3,,,,CAB CALLOWAY SCHOOL OF ARTS,"100 N DUPONT RD, WILMINGTON, DE 19807",,ORR,2019-09-05,
2016-11-08,DE,New Castle,New Castle,county,1-4,,,,HIGHLANDS ELEMENTARY SCHOOL,"2100 GILPIN AVE, WILMINGTON, DE 19806",,ORR,2019-09-05,
2016-11-08,DE,New Castle,New Castle,county,2-4,,,,DELAWARE ART MUSEUM,"2301 KENTMERE PKWY, WILMINGTON, DE 19806",,ORR,2019-09-05,
2016-11-08,DE,New Castle,New Castle,county,3-4,,,,IMMANUEL CHURCH HIGHLANDS,"2400 W 17TH ST, WILMINGTON, DE 19806",,ORR,2019-09-05,
2016-11-08,DE,New Castle,New Castle,county,4-4,,,,LUTHER TOWERS - I,"1201 N HARRISON ST, WILMINGTON, DE 19806",,ORR,2019-09-05,
2016-11-08,DE,New Castle,New Castle,county,5-4,,,,CAB CALLOWAY SCHOOL OF ARTS,"100 N DUPONT RD, WILMINGTON, DE 19807",,ORR,2019-09-05,
2016-11-08,DE,New Castle,New Castle,county,6-4,,,,LINCOLN TOWERS,"1800 N DUPONT ST, WILMINGTON, DE 19806",,ORR,2019-09-05,
2016-11-08,DE,New Castle,New Castle,county,7-4,,,,WESTMINSTER PRESBY CHURCH,"1502 W 13TH ST, WILMINGTON, DE 19806",,ORR,2019-09-05,
2016-11-08,DE,New Castle,New Castle,county,8-4,,,,ST CATHERINE OF SIENA CHURCH,"2501 CENTERVILLE RD, WILMINGTON, DE 19808",,ORR,2019-09-05,
2016-11-08,DE,New Castle,New Castle,county,9-4,,,,HOLY TRINITY GREEK ORTHODOX CH,"808 N BROOM ST, WILMINGTON, DE 19806",,ORR,2019-09-05,
2016-11-08,DE,New Castle,New Castle,county,10-4,,,,WOODLAWN LIBRARY,"2020 W 9TH ST, WILMINGTON, DE 19805",,ORR,2019-09-05,
2016-11-08,DE,New Castle,New Castle,county,11-4,,,,CAB CALLOWAY SCHOOL OF ARTS,"100 N DUPONT RD, WILMINGTON, DE 19807",,ORR,2019-09-05,
2016-11-08,DE,New Castle,New Castle,county,12-4,,,,MCKEAN HIGH SCHOOL,"301 MCKENNANS CHURCH RD, WILMINGTON, DE 19808",,ORR,2019-09-05,
2016-11-08,DE,New Castle,New Castle,county,13-4,,,,HOLY TRINITY GREEK ORTHODOX CH,"808 N BROOM ST, WILMINGTON, DE 19806",,ORR,2019-09-05,
2016-11-08,DE,New Castle,New Castle,county,14-4,,,,WOODLAWN LIBRARY,"2020 W 9TH ST, WILMINGTON, DE 19805",,ORR,2019-09-05,
2016-11-08,DE,New Castle,New Castle,county,15-4,,,,TATNALL SCHOOL,"1501 BARLEY MILL RD, WILMINGTON, DE 19807",,ORR,2019-09-05,
2016-11-08,DE,New Castle,New Castle,county,16-4,,,,WOODLAWN LIBRARY,"2020 W 9TH ST, WILMINGTON, DE 19805",,ORR,2019-09-05,
2016-11-08,DE,New Castle,New Castle,county,1-5,,,,BUENA VISTA CONFERENCE CENTER,"661 S DUPONT HWY, NEW CASTLE, DE 19720",,ORR,2019-09-05,
2016-11-08,DE,New Castle,New Castle,county,2-5,,,,PLEASANTVILLE ELEM SCHOOL,"16 PLEASANT PL, NEW CASTLE, DE 19720",,ORR,2019-09-05,
2016-11-08,DE,New Castle,New Castle,county,3-5,,,,PLEASANTVILLE ELEM SCHOOL,"16 PLEASANT PL, NEW CASTLE, DE 19720",,ORR,2019-09-05,
2016-11-08,DE,New Castle,New Castle,county,4-5,,,,BEAR LIBRARY,"101 GOVERNORS PL, BEAR, DE 19701",,ORR,2019-09-05,
2016-11-08,DE,New Castle,New Castle,county,5-5,,,,BEAR LIBRARY,"101 GOVERNORS PL, BEAR, DE 19701",,ORR,2019-09-05,
2016-11-08,DE,New Castle,New Castle,county,6-5,,,,LEASURE ELEMENTARY SCHOOL,"1015 CHURCH RD, NEWARK, DE 19702",,ORR,2019-09-05,
2016-11-08,DE,New Castle,New Castle,county,7-5,,,,EDEN SUPPORT SERVICES,"925 BEAR CORBITT RD, BEAR, DE 19701",,ORR,2019-09-05,
2016-11-08,DE,New Castle,New Castle,county,8-5,,,,RED LION UNITED METH CHURCH,"1545 CHURCH RD, BEAR, DE 19701",,ORR,2019-09-05,
2016-11-08,DE,New Castle,New Castle,county,9-5,,,,VICTORY CHRISTIAN FELLOWSHIP,"100 WILTON BLVD, NEW CASTLE, DE 19720",,ORR,2019-09-05,
2016-11-08,DE,New Castle,New Castle,county,10-5,,,,VICTORY CHRISTIAN FELLOWSHIP,"100 WILTON BLVD, NEW CASTLE, DE 19720",,ORR,2019-09-05,
2016-11-08,DE,New Castle,New Castle,county,1-6,,,,MT PLEASANT ELEMENTARY SCHOOL,"500 DUNCAN RD, WILMINGTON, DE 19809",,ORR,2019-09-05,
2016-11-08,DE,New Castle,New Castle,county,2-6,,,,LOMBARDY ELEMENTARY SCHOOL,"412 FOULK RD, WILMINGTON, DE 19803",,ORR,2019-09-05,
2016-11-08,DE,New Castle,New Castle,county,3-6,,,,LOMBARDY ELEMENTARY SCHOOL,"412 FOULK RD, WILMINGTON, DE 19803",,ORR,2019-09-05,
2016-11-08,DE,New Castle,New Castle,county,4-6,,,,HILLCREST-BELLEFONTE METH CH,"400 HILLCREST AVE, WILMINGTON, DE 19809",,ORR,2019-09-05,
2016-11-08,DE,New Castle,New Castle,county,5-6,,,,BRANDYWINE HUNDRED FIRE CO #1,"1006 BRANDYWINE BLVD, WILMINGTON, DE 19809",,ORR,2019-09-05,
2016-11-08,DE,New Castle,New Castle,county,6-6,,,,BRANDYWINE HUNDRED FIRE CO #1,"1006 BRANDYWINE BLVD, WILMINGTON, DE 19809",,ORR,2019-09-05,
2016-11-08,DE,New Castle,New Castle,county,7-6,,,,MARY CAMPBELL CENTER,"4641 WELDIN RD, WILMINGTON, DE 19803",,ORR,2019-09-05,
2016-11-08,DE,New Castle,New Castle,county,8-6,,,,MT PLEASANT ELEMENTARY SCHOOL,"500 DUNCAN RD, WILMINGTON, DE 19809",,ORR,2019-09-05,
2016-11-08,DE,New Castle,New Castle,county,9-6,,,,CARRCROFT ELEMENTARY SCHOOL,"503 CREST RD, WILMINGTON, DE 19803",,ORR,2019-09-05,
2016-11-08,DE,New Castle,New Castle,county,10-6,,,,BRANDYWINE HIGH SCHOOL,"1400 FOULK RD, WILMINGTON, DE 19803",,ORR,2019-09-05,
2016-11-08,DE,New Castle,New Castle,county,11-6,,,,LUTHERAN CHURCH/GOOD SHEPHERD,"1530 FOULK RD, WILMINGTON, DE 19803",,ORR,2019-09-05,
2016-11-08,DE,New Castle,New Castle,county,12-6,,,,EMMANUEL PRESBYTERIAN CHURCH,"1006 WILSON RD, WILMINGTON, DE 19803",,ORR,2019-09-05,
2016-11-08,DE,New Castle,New Castle,county,1-7,,,,MAPLE LANE ELEMENTARY SCHOOL,"100 MAPLE LN, CLAYMONT, DE 19703",,ORR,2019-09-05,
2016-11-08,DE,New Castle,New Castle,county,2-7,,,,FORWOOD ELEMENTARY SCHOOL,"1900 WESTMINSTER DR, WILMINGTON, DE 19810",,ORR,2019-09-05,
2016-11-08,DE,New Castle,New Castle,county,3-7,,,,FORWOOD ELEMENTARY SCHOOL,"1900 WESTMINSTER DR, WILMINGTON, DE 19810",,ORR,2019-09-05,
2016-11-08,DE,New Castle,New Castle,county,4-7,,,,CLAYMONT ELEMENTARY SCHOOL,"3401 GREEN ST, CLAYMONT, DE 19703",,ORR,2019-09-05,
2016-11-08,DE,New Castle,New Castle,county,5-7,,,,GILD HALL - ARDEN CLUB,"2126 THE HIGHWAY, WILMINGTON, DE 19810",,ORR,2019-09-05,
2016-11-08,DE,New Castle,New Castle,county,6-7,,,,TRINITY PRESBYTERIAN CHURCH,"1120 DARLEY RD, WILMINGTON, DE 19810",,ORR,2019-09-05,
2016-11-08,DE,New Castle,New Castle,county,7-7,,,,CLAYMONT BOYS & GIRLS CLUB,"500 DARLEY RD, CLAYMONT, DE 19703",,ORR,2019-09-05,
2016-11-08,DE,New Castle,New Castle,county,8-7,,,,LANCASHIRE ELEMENTARY SCHOOL,"2000 NAAMANS RD, WILMINGTON, DE 19810",,ORR,2019-09-05,
2016-11-08,DE,New Castle,New Castle,county,9-7,,,,MAPLE LANE ELEMENTARY SCHOOL,"100 MAPLE LN, CLAYMONT, DE 19703",,ORR,2019-09-05,
2016-11-08,DE,New Castle,New Castle,county,10-7,,,,RIVER CLUB APARTMENTS,"7807 GOVERNOR PRINTZ BLVD, CLAYMONT, DE 19703",,ORR,2019-09-05,
2016-11-08,DE,New Castle,New Castle,county,1-8,,,,BUNKER HILL ELEMENTARY SCHOOL,"1070 BUNKER HILL RD, MIDDLETOWN, DE 19709",,ORR,2019-09-05,
2016-11-08,DE,New Castle,New Castle,county,2-8,,,,APPOQUINIMINK HIGH SCHOOL,"1080 BUNKER HILL RD, MIDDLETOWN, DE 19709",,ORR,2019-09-05,
2016-11-08,DE,New Castle,New Castle,county,3-8,,,,APPOQUINIMINK ACTIVITY CENTER,"651 N BROAD ST, MIDDLETOWN, DE 19709",,ORR,2019-09-05,
2016-11-08,DE,New Castle,New Castle,county,4-8,,,,REDDING MIDDLE SCHOOL,"201 NEW ST, MIDDLETOWN, DE 19709",,ORR,2019-09-05,
2016-11-08,DE,New Castle,New Castle,county,5-8,,,,MIDDLETOWN HIGH SCHOOL,"120 SILVER LAKE RD, MIDDLETOWN, DE 19709",,ORR,2019-09-05,
2016-11-08,DE,New Castle,New Castle,county,6-8,,,,MEREDITH MIDDLE SCHOOL,"504 S BROAD ST, MIDDLETOWN, DE 19709",,ORR,2019-09-05,
2016-11-08,DE,New Castle,New Castle,county,7-8,,,,WATERS MIDDLE SCHOOL,"1235 CEDAR LANE RD, MIDDLETOWN, DE 19709",,ORR,2019-09-05,
2016-11-08,DE,New Castle,New Castle,county,8-8,,,,BUNKER HILL ELEMENTARY SCHOOL,"1070 BUNKER HILL RD, MIDDLETOWN, DE 19709",,ORR,2019-09-05,
2016-11-08,DE,New Castle,New Castle,county,9-8,,,,WATERS MIDDLE SCHOOL,"1235 CEDAR LANE RD, MIDDLETOWN, DE 19709",,ORR,2019-09-05,
2016-11-08,DE,New Castle,New Castle,county,10-8,,,,SILVER LAKE ELEMENTARY SCHOOL,"200 E COCHRAN ST, MIDDLETOWN, DE 19709",,ORR,2019-09-05,
2016-11-08,DE,New Castle,New Castle,county,1-9,,,,PORT PENN FIRE COMPANY,"26 W MARKET ST, PORT PENN, DE 19731",,ORR,2019-09-05,
2016-11-08,DE,New Castle,New Castle,county,2-9,,,,OLD STATE ELEMENTARY SCHOOL,"580 TONY MARCHIO DR, TOWNSEND, DE 19734",,ORR,2019-09-05,
2016-11-08,DE,New Castle,New Castle,county,3-9,,,,SPRING MEADOW EARLY CHILD CTR,"611 CAMPUS DR, TOWNSEND, DE 19734",,ORR,2019-09-05,
2016-11-08,DE,New Castle,New Castle,county,4-9,,,,BRICK MILL ELEMENTARY SCHOOL,"378 BRICK MILL RD, MIDDLETOWN, DE 19709",,ORR,2019-09-05,
2016-11-08,DE,New Castle,New Castle,county,5-9,,,,MARION PROFFITT TRAINING CTR,"118 S SIXTH ST, ODESSA, DE 19730",,ORR,2019-09-05,
2016-11-08,DE,New Castle,New Castle,county,6-9,,,,MOT CHARTER HIGH SCHOOL,"1275 CEDAR LANE RD, MIDDLETOWN, DE 19709",,ORR,2019-09-05,
2016-11-08,DE,New Castle,New Castle,county,7-9,,,,CEDAR LANE ELEMENTARY SCHOOL,"1259 CEDAR LANE RD, MIDDLETOWN, DE 19709",,ORR,2019-09-05,
2016-11-08,DE,New Castle,New Castle,county,8-9,,,,ST GEORGES TECHNICAL HIGH SCHL,"555 HYETTS CORNER RD, MIDDLETOWN, DE 19709",,ORR,2019-09-05,
2016-11-08,DE,New Castle,New Castle,county,9-9,,,,SMYRNA REST AREA,"5500 DUPONT PKY, SMYRNA, DE 19977",,ORR,2019-09-05,
2016-11-08,DE,New Castle,New Castle,county,1-10,,,,CONCORD HIGH SCHOOL,"2501 EBRIGHT RD, WILMINGTON, DE 19810",,ORR,2019-09-05,
2016-11-08,DE,New Castle,New Castle,county,2-10,,,,SPRINGER MIDDLE SCHOOL,"2220 SHIPLEY RD, WILMINGTON, DE 19803",,ORR,2019-09-05,
2016-11-08,DE,New Castle,New Castle,county,3-10,,,,CONCORD HIGH SCHOOL,"2501 EBRIGHT RD, WILMINGTON, DE 19810",,ORR,2019-09-05,
2016-11-08,DE,New Castle,New Castle,county,4-10,,,,TALLEY MIDDLE SCHOOL,"1110 CYPRESS RD, WILMINGTON, DE 19810",,ORR,2019-09-05,
2016-11-08,DE,New Castle,New Castle,county,5-10,,,,HANBY ELEMENTARY SCHOOL,"2523 BERWYN RD, WILMINGTON, DE 19810",,ORR,2019-09-05,
2016-11-08,DE,New Castle,New Castle,county,6-10,,,,HANBY ELEMENTARY SCHOOL,"2523 BERWYN RD, WILMINGTON, DE 19810",,ORR,2019-09-05,
2016-11-08,DE,New Castle,New Castle,county,7-10,,,,SHIPLEY MANOR,"2723 SHIPLEY RD, WILMINGTON, DE 19810",,ORR,2019-09-05,
2016-11-08,DE,New Castle,New Castle,county,8-10,,,,CLAYMONT BOYS & GIRLS CLUB,"500 DARLEY RD, CLAYMONT, DE 19703",,ORR,2019-09-05,
2016-11-08,DE,New Castle,New Castle,county,9-10,,,,CONCORD CHRISTIAN ACADEMY,"2510 MARSH RD, WILMINGTON, DE 19810",,ORR,2019-09-05,
2016-11-08,DE,New Castle,New Castle,county,10-10,,,,B'NAI B'RITH HOUSE,"8000 SOCIETY DR, CLAYMONT, DE 19703",,ORR,2019-09-05,
2016-11-08,DE,New Castle,New Castle,county,1-11,,,,TOWNSEND FIRE HALL,"107 MAIN ST, TOWNSEND, DE 19734",,ORR,2019-09-05,
2016-11-08,DE,New Castle,New Castle,county,2-11,,,,IMMANUEL UNITED METH CHURCH,"209 MAIN ST, TOWNSEND, DE 19734",,ORR,2019-09-05,
2016-11-08,DE,New Castle,New Castle,county,3-11,,,,TOWNSEND EARLY CHILDHOOD CNTR,"10 BROOK RAMBLE LN, TOWNSEND, DE 19734",,ORR,2019-09-05,
2016-11-08,DE,New Castle,New Castle,county,4-11,,,,BLACKBIRD COMMUNITY CENTER,"120 BLACKBIRD FOREST RD, TOWNSEND, DE 19734",,ORR,2019-09-05,
2016-11-08,DE,New Castle,New Castle,county,1-12,,,,CONCORD PRESBYTERIAN CHURCH,"1800 FAIRFAX BLVD, WILMINGTON, DE 19803",,ORR,2019-09-05,
2016-11-08,DE,New Castle,New Castle,county,2-12,,,,ALDERSGATE METHODIST CHURCH,"2313 CONCORD PIKE, WILMINGTON, DE 19803",,ORR,2019-09-05,
2016-11-08,DE,New Castle,New Castle,county,3-12,,,,ALDERSGATE METHODIST CHURCH,"2313 CONCORD PIKE, WILMINGTON, DE 19803",,ORR,2019-09-05,
2016-11-08,DE,New Castle,New Castle,county,4-12,,,,A I DUPONT HIGH SCHOOL,"50 HILLSIDE RD, WILMINGTON, DE 19807",,ORR,2019-09-05,
2016-11-08,DE,New Castle,New Castle,county,5-12,,,,FIRST UNITARIAN CHURCH,"730 HALSTEAD RD, WILMINGTON, DE 19803",,ORR,2019-09-05,
2016-11-08,DE,New Castle,New Castle,county,6-12,,,,LOWER BRANDYWINE PRESBY CHURCH,"101 OLD KENNETT RD, WILMINGTON, DE 19807",,ORR,2019-09-05,
2016-11-08,DE,New Castle,New Castle,county,7-12,,,,HOCKESSIN LIBRARY,"1023 VALLEY RD, HOCKESSIN, DE 19707",,ORR,2019-09-05,
2016-11-08,DE,New Castle,New Castle,county,8-12,,,,HENRY B DUPONT MIDDLE SCHOOL,"735 MEETING HOUSE RD, HOCKESSIN, DE 19707",,ORR,2019-09-05,
2016-11-08,DE,New Castle,New Castle,county,9-12,,,,ACTIVITY CTR AT HOCKESSIN PAL,"7259 LANCASTER PIKE, HOCKESSIN, DE 19707",,ORR,2019-09-05,
2016-11-08,DE,New Castle,New Castle,county,10-12,,,,HENRY B DUPONT MIDDLE SCHOOL,"735 MEETING HOUSE RD, HOCKESSIN, DE 19707",,ORR,2019-09-05,
2016-11-08,DE,New Castle,New Castle,county,11-12,,,,COUNTRY HOUSE,"4830 KENNETT PIKE, WILMINGTON, DE 19807",,ORR,2019-09-05,
2016-11-08,DE,New Castle,New Castle,county,12-12,,,,ACTIVITY CTR AT HOCKESSIN PAL,"7259 LANCASTER PIKE, HOCKESSIN, DE 19707",,ORR,2019-09-05,
2016-11-08,DE,New Castle,New Castle,county,13-12,,,,COKESBURY VILLAGE,"726 LOVEVILLE RD, HOCKESSIN, DE 19707",,ORR,2019-09-05,
2016-11-08,DE,New Castle,New Castle,county,14-12,,,,MT LEBANON METHODIST CHURCH,"850 MT LEBANON RD, WILMINGTON, DE 19803",,ORR,2019-09-05,
2016-11-08,DE,New Castle,New Castle,county,1-13,,,,BALTZ ELEMENTARY SCHOOL,"1500 SPRUCE AVE, WILMINGTON, DE 19805",,ORR,2019-09-05,
2016-11-08,DE,New Castle,New Castle,county,2-13,,,,MARBROOK ELEMENTARY SCHOOL,"2101 CENTERVILLE RD, WILMINGTON, DE 19808",,ORR,2019-09-05,
2016-11-08,DE,New Castle,New Castle,county,3-13,,,,DOUGLASS SCHOOL,"1800 PROSPECT RD, WILMINGTON, DE 19805",,ORR,2019-09-05,
2016-11-08,DE,New Castle,New Castle,county,4-13,,,,CONRAD SCHOOLS OF SCIENCE,"201 JACKSON AVE, WILMINGTON, DE 19804",,ORR,2019-09-05,
2016-11-08,DE,New Castle,New Castle,county,5-13,,,,RICHARDSON PARK METHODIST CH,"11 N MARYLAND AVE, WILMINGTON, DE 19804",,ORR,2019-09-05,
2016-11-08,DE,New Castle,New Castle,county,6-13,,,,CONRAD SCHOOLS OF SCIENCE,"201 JACKSON AVE, WILMINGTON, DE 19804",,ORR,2019-09-05,
2016-11-08,DE,New Castle,New Castle,county,7-13,,,,BALTZ ELEMENTARY SCHOOL,"1500 SPRUCE AVE, WILMINGTON, DE 19805",,ORR,2019-09-05,
2016-11-08,DE,New Castle,New Castle,county,8-13,,,,ELSMERE FIRE HALL,"1107 NEW RD, WILMINGTON, DE 19805",,ORR,2019-09-05,
2016-11-08,DE,New Castle,New Castle,county,9-13,,,,ELSMERE TOWN HALL,"11 POPLAR AVE, WILMINGTON, DE 19805",,ORR,2019-09-05,
2016-11-08,DE,New Castle,New Castle,county,10-13,,,,ELSMERE PUBLIC LIBRARY,"30 SPRUCE AVE, WILMINGTON, DE 19805",,ORR,2019-09-05,
2016-11-08,DE,New Castle,New Castle,county,11-13,,,,PULASKI ELEMENTARY SCHOOL,"1300 CEDAR ST, WILMINGTON, DE 19805",,ORR,2019-09-05,
2016-11-08,DE,New Castle,New Castle,county,12-13,,,,DOUGLASS SCHOOL,"1800 PROSPECT RD, WILMINGTON, DE 19805",,ORR,2019-09-05,
2016-11-08,DE,New Castle,New Castle,county,13-13,,,,PULASKI ELEMENTARY SCHOOL,"1300 CEDAR ST, WILMINGTON, DE 19805",,ORR,2019-09-05,
2016-11-08,DE,New Castle,New Castle,county,14-13,,,,CONRAD SCHOOLS OF SCIENCE,"201 JACKSON AVE, WILMINGTON, DE 19804",,ORR,2019-09-05,
2016-11-08,DE,New Castle,New Castle,county,1-15,,,,SOUTHERN ELEMENTARY SCHOOL,"795 COX NECK RD, NEW CASTLE, DE 19720",,ORR,2019-09-05,
2016-11-08,DE,New Castle,New Castle,county,2-15,,,,WILBUR ELEMENTARY SCHOOL,"4050 WRANGLE HILL RD, BEAR, DE 19701",,ORR,2019-09-05,
2016-11-08,DE,New Castle,New Castle,county,3-15,,,,SOUTHERN ELEMENTARY SCHOOL,"795 COX NECK RD, NEW CASTLE, DE 19720",,ORR,2019-09-05,
2016-11-08,DE,New Castle,New Castle,county,4-15,,,,LEASURE ELEMENTARY SCHOOL,"1015 CHURCH RD, NEWARK, DE 19702",,ORR,2019-09-05,
2016-11-08,DE,New Castle,New Castle,county,5-15,,,,OBERLE ELEMENTARY SCHOOL,"500 CALEDONIA WAY, BEAR, DE 19701",,ORR,2019-09-05,
2016-11-08,DE,New Castle,New Castle,county,6-15,,,,OBERLE ELEMENTARY SCHOOL,"500 CALEDONIA WAY, BEAR, DE 19701",,ORR,2019-09-05,
2016-11-08,DE,New Castle,New Castle,county,7-15,,,,WILBUR ELEMENTARY SCHOOL,"4050 WRANGLE HILL RD, BEAR, DE 19701",,ORR,2019-09-05,
2016-11-08,DE,New Castle,New Castle,county,8-15,,,,LEASURE ELEMENTARY SCHOOL,"1015 CHURCH RD, NEWARK, DE 19702",,ORR,2019-09-05,
2016-11-08,DE,New Castle,New Castle,county,9-15,,,,WILBUR ELEMENTARY SCHOOL,"4050 WRANGLE HILL RD, BEAR, DE 19701",,ORR,2019-09-05,
2016-11-08,DE,New Castle,New Castle,county,10-15,,,,LEASURE ELEMENTARY SCHOOL,"1015 CHURCH RD, NEWARK, DE 19702",,ORR,2019-09-05,
2016-11-08,DE,New Castle,New Castle,county,1-16,,,,EISENBERG ELEMENTARY SCHOOL,"27 LANDERS LN, NEW CASTLE, DE 19720",,ORR,2019-09-05,
2016-11-08,DE,New Castle,New Castle,county,2-16,,,,ROSE HILL COMMUNITY CENTER,"19 LAMBSON LN, NEW CASTLE, DE 19720",,ORR,2019-09-05,
2016-11-08,DE,New Castle,New Castle,county,3-16,,,,DE LA WARR COMMUNITY CENTER,"500 ROGERS RD, NEW CASTLE, DE 19720",,ORR,2019-09-05,
2016-11-08,DE,New Castle,New Castle,county,4-16,,,,MINQUADALE FIRE COMPANY,"129 E HAZELDELL AVE, NEW CASTLE, DE 19720",,ORR,2019-09-05,
2016-11-08,DE,New Castle,New Castle,county,5-16,,,,MCCULLOUGH MIDDLE SCHOOL,"20 CHASE AVE, NEW CASTLE, DE 19720",,ORR,2019-09-05,
2016-11-08,DE,New Castle,New Castle,county,6-16,,,,NEIGHBORHOOD HOUSE,"1218 B ST, WILMINGTON, DE 19801",,ORR,2019-09-05,
2016-11-08,DE,New Castle,New Castle,county,7-16,,,,CASTLE HILLS ELEMENTARY SCHOOL,"502 MOORES LN, NEW CASTLE, DE 19720",,ORR,2019-09-05,
2016-11-08,DE,New Castle,New Castle,county,8-16,,,,CASTLE HILLS ELEMENTARY SCHOOL,"502 MOORES LN, NEW CASTLE, DE 19720",,ORR,2019-09-05,
2016-11-08,DE,New Castle,New Castle,county,9-16,,,,NEW CASTLE SENIOR CENTER,"400 SOUTH ST, NEW CASTLE, DE 19720",,ORR,2019-09-05,
2016-11-08,DE,New Castle,New Castle,county,10-16,,,,NEW CASTLE SENIOR CENTER,"400 SOUTH ST, NEW CASTLE, DE 19720",,ORR,2019-09-05,
2016-11-08,DE,New Castle,New Castle,county,1-17,,,,EISENBERG ELEMENTARY SCHOOL,"27 LANDERS LN, NEW CASTLE, DE 19720",,ORR,2019-09-05,
2016-11-08,DE,New Castle,New Castle,county,2-17,,,,NUR SHRINERS (NUR TEMPLE),"198 S DUPONT HWY, NEW CASTLE, DE 19720",,ORR,2019-09-05,
2016-11-08,DE,New Castle,New Castle,county,3-17,,,,NUR SHRINERS (NUR TEMPLE),"198 S DUPONT HWY, NEW CASTLE, DE 19720",,ORR,2019-09-05,
2016-11-08,DE,New Castle,New Castle,county,4-17,,,,NEW CASTLE UNITED METH CHURCH,"510 DELAWARE ST, NEW CASTLE, DE 19720",,ORR,2019-09-05,
2016-11-08,DE,New Castle,New Castle,county,5-17,,,,READ MIDDLE SCHOOL,"314 E BASIN RD, NEW CASTLE, DE 19720",,ORR,2019-09-05,
2016-11-08,DE,New Castle,New Castle,county,6-17,,,,DE TECH & COMM COLLEGE-STANTON,"400 STANTON CHRISTIANA RD, NEWARK, DE 19713",,ORR,2019-09-05,
2016-11-08,DE,New Castle,New Castle,county,7-17,,,,HOWARD WESTON SENIOR CENTER,"1 BASSETT AVE, NEW CASTLE, DE 19720",,ORR,2019-09-05,
2016-11-08,DE,New Castle,New Castle,county,8-17,,,,WILLIAM PENN HIGH SCHOOL,"713 E BASIN RD, NEW CASTLE, DE 19720",,ORR,2019-09-05,
2016-11-08,DE,New Castle,New Castle,county,9-17,,,,WILMINGTON MANOR ELEM SCHOOL,"200 E ROOSEVELT AVE, NEW CASTLE, DE 19720",,ORR,2019-09-05,
2016-11-08,DE,New Castle,New Castle,county,10-17,,,,HOWARD WESTON SENIOR CENTER,"1 BASSETT AVE, NEW CASTLE, DE 19720",,ORR,2019-09-05,
2016-11-08,DE,New Castle,New Castle,county,11-17,,,,CONNER BUILDING,"187A OLD CHURCHMANS RD, NEW CASTLE, DE 19720",,ORR,2019-09-05,
2016-11-08,DE,New Castle,New Castle,county,1-18,,,,GALLAHER ELEMENTARY SCHOOL,"800 N BROWNLEAF RD, NEWARK, DE 19713",,ORR,2019-09-05,
2016-11-08,DE,New Castle,New Castle,county,2-18,,,,DE TECH & COMM COLLEGE-STANTON,"400 STANTON CHRISTIANA RD, NEWARK, DE 19713",,ORR,2019-09-05,
2016-11-08,DE,New Castle,New Castle,county,3-18,,,,EDEN SUPPORT SERVICES,"925 BEAR CORBITT RD, BEAR, DE 19701",,ORR,2019-09-05,
2016-11-08,DE,New Castle,New Castle,county,4-18,,,,UNION UNITED METHODIST CHURCH,"345 SCHOOL BELL RD, BEAR, DE 19701",,ORR,2019-09-05,
2016-11-08,DE,New Castle,New Castle,county,5-18,,,,PLEASANTVILLE ELEM SCHOOL,"16 PLEASANT PL, NEW CASTLE, DE 19720",,ORR,2019-09-05,
2016-11-08,DE,New Castle,New Castle,county,6-18,,,,DELDOT CANAL DISTRICT,"250 BEAR CHRISTIANA RD, BEAR, DE 19701",,ORR,2019-09-05,
2016-11-08,DE,New Castle,New Castle,county,7-18,,,,GALLAHER ELEMENTARY SCHOOL,"800 N BROWNLEAF RD, NEWARK, DE 197133300",,ORR,2019-09-05,
2016-11-08,DE,New Castle,New Castle,county,8-18,,,,ST ELIZABETH ANN SETON CHURCH,"345 BEAR CHRISTIANA RD, BEAR, DE 19701",,ORR,2019-09-05,
2016-11-08,DE,New Castle,New Castle,county,9-18,,,,UNION UNITED METHODIST CHURCH,"345 SCHOOL BELL RD, BEAR, DE 19701",,ORR,2019-09-05,
2016-11-08,DE,New Castle,New Castle,county,10-18,,,,ST ELIZABETH ANN SETON CHURCH,"345 BEAR CHRISTIANA RD, BEAR, DE 19701",,ORR,2019-09-05,
2016-11-08,DE,New Castle,New Castle,county,1-19,,,,DELCASTLE TECHNICAL HIGH SCH,"1417 NEWPORT RD, WILMINGTON, DE 19804",,ORR,2019-09-05,
2016-11-08,DE,New Castle,New Castle,county,2-19,,,,PENIEL UNITED METHODIST CHURCH,"115 E MARKET ST, WILMINGTON, DE 19804",,ORR,2019-09-05,
2016-11-08,DE,New Castle,New Castle,county,3-19,,,,BRANDYWINE SPRINGS SCHOOL,"2916 DUNCAN RD, WILMINGTON, DE 19808",,ORR,2019-09-05,
2016-11-08,DE,New Castle,New Castle,county,4-19,,,,MILL CREEK FIRE COMPANY,"3900 KIRKWOOD HWY, WILMINGTON, DE 19808",,ORR,2019-09-05,
2016-11-08,DE,New Castle,New Castle,county,5-19,,,,ST JAMES CHURCH PARISH HOUSE,"2106 ST JAMES CHURCH RD, WILMINGTON, DE 19808",,ORR,2019-09-05,
2016-11-08,DE,New Castle,New Castle,county,6-19,,,,ST MARKS UNITED METHODIST CH,"1700 LIMESTONE RD, WILMINGTON, DE 19804",,ORR,2019-09-05,
2016-11-08,DE,New Castle,New Castle,county,7-19,,,,STANTON MIDDLE SCHOOL,"1800 LIMESTONE RD, WILMINGTON, DE 19804",,ORR,2019-09-05,
2016-11-08,DE,New Castle,New Castle,county,8-19,,,,STANTON MIDDLE SCHOOL,"1800 LIMESTONE RD, WILMINGTON, DE 198044196",,ORR,2019-09-05,
2016-11-08,DE,New Castle,New Castle,county,9-19,,,,MARBROOK ELEMENTARY SCHOOL,"2101 CENTERVILLE RD, WILMINGTON, DE 19808",,ORR,2019-09-05,
2016-11-08,DE,New Castle,New Castle,county,10-19,,,,DELAWARE STATE UNIVERSITY-WILM,"3931 KIRKWOOD HWY, WILMINGTON, DE 19808",,ORR,2019-09-05,
2016-11-08,DE,New Castle,New Castle,county,11-19,,,,RICHEY ELEMENTARY SCHOOL,"105 E HIGHLAND AVE, WILMINGTON, DE 19804",,ORR,2019-09-05,
2016-11-08,DE,New Castle,New Castle,county,12-19,,,,DELCASTLE TECHNICAL HIGH SCH,"1417 NEWPORT RD, WILMINGTON, DE 19804",,ORR,2019-09-05,
2016-11-08,DE,New Castle,New Castle,county,1-21,,,,DICKINSON HIGH SCHOOL,"1801 MILLTOWN RD, WILMINGTON, DE 19808",,ORR,2019-09-05,
2016-11-08,DE,New Castle,New Castle,county,2-21,,,,FOREST OAK ELEMENTARY SCHOOL,"55 S MEADOWOOD DR, NEWARK, DE 19711",,ORR,2019-09-05,
2016-11-08,DE,New Castle,New Castle,county,3-21,,,,DICKINSON HIGH SCHOOL,"1801 MILLTOWN RD, WILMINGTON, DE 19808",,ORR,2019-09-05,
2016-11-08,DE,New Castle,New Castle,county,4-21,,,,WILSON ELEMENTARY SCHOOL,"14 FORGE RD, NEWARK, DE 19711",,ORR,2019-09-05,
2016-11-08,DE,New Castle,New Castle,county,5-21,,,,SKYLINE MIDDLE SCHOOL,"2900 SKYLINE DR, WILMINGTON, DE 19808",,ORR,2019-09-05,
2016-11-08,DE,New Castle,New Castle,county,6-21,,,,SKYLINE MIDDLE SCHOOL,"2900 SKYLINE DR, WILMINGTON, DE 19808",,ORR,2019-09-05,
2016-11-08,DE,New Castle,New Castle,county,7-21,,,,MACLARY ELEMENTARY SCHOOL,"300 ST REGIS DR, NEWARK, DE 19711",,ORR,2019-09-05,
2016-11-08,DE,New Castle,New Castle,county,8-21,,,,FOREST OAK ELEMENTARY SCHOOL,"55 S MEADOWOOD DR, NEWARK, DE 19711",,ORR,2019-09-05,
2016-11-08,DE,New Castle,New Castle,county,9-21,,,,DICKINSON HIGH SCHOOL,"1801 MILLTOWN RD, WILMINGTON, DE 19808",,ORR,2019-09-05,
2016-11-08,DE,New Castle,New Castle,county,10-21,,,,LIMESTONE PRESBYTERIAN CHURCH,"3201 LIMESTONE RD, WILMINGTON, DE 19808",,ORR,2019-09-05,
2016-11-08,DE,New Castle,New Castle,county,11-21,,,,SHUE-MEDILL MIDDLE SCHOOL,"1500 CAPITOL TRL, NEWARK, DE 19711",,ORR,2019-09-05,
2016-11-08,DE,New Castle,New Castle,county,1-22,,,,NORTH STAR ELEMENTARY SCHOOL,"1340 LITTLE BALTIMORE RD, HOCKESSIN, DE 19707",,ORR,2019-09-05,
2016-11-08,DE,New Castle,New Castle,county,2-22,,,,HOCKESSIN FIRE COMPANY,"1225 OLD LANCASTER PIKE, HOCKESSIN, DE 19707",,ORR,2019-09-05,
2016-11-08,DE,New Castle,New Castle,county,3-22,,,,NORTH STAR ELEMENTARY SCHOOL,"1340 LITTLE BALTIMORE RD, HOCKESSIN, DE 19707",,ORR,2019-09-05,
2016-11-08,DE,New Castle,New Castle,county,4-22,,,,UNITARIAN UNIVERSLST/MILLCREEK,"579 POLLY DRUMMOND HILL RD, NEWARK, DE 19711",,ORR,2019-09-05,
2016-11-08,DE,New Castle,New Castle,county,5-22,,,,NORTH STAR ELEMENTARY SCHOOL,"1340 LITTLE BALTIMORE RD, HOCKESSIN, DE 19707",,ORR,2019-09-05,
2016-11-08,DE,New Castle,New Castle,county,6-22,,,,EBENEZER METHODIST CHURCH,"525 POLLY DRUMMOND HILL RD, NEWARK, DE 19711",,ORR,2019-09-05,
2016-11-08,DE,New Castle,New Castle,county,7-22,,,,ST PHILIP'S LUTHERAN CHURCH,"5320 LIMESTONE RD, WILMINGTON, DE 19808",,ORR,2019-09-05,
2016-11-08,DE,New Castle,New Castle,county,8-22,,,,WILSON ELEMENTARY SCHOOL,"14 FORGE RD, NEWARK, DE 19711",,ORR,2019-09-05,
2016-11-08,DE,New Castle,New Castle,county,9-22,,,,EBENEZER METHODIST CHURCH,"525 POLLY DRUMMOND HILL RD, NEWARK, DE 19711",,ORR,2019-09-05,
2016-11-08,DE,New Castle,New Castle,county,10-22,,,,WILLIAM COOKE ELEMENTARY SCHL,"2025 GRAVES RD, HOCKESSIN, DE 19707",,ORR,2019-09-05,
2016-11-08,DE,New Castle,New Castle,county,11-22,,,,LINDEN HILL ELEMENTARY SCHOOL,"3415 SKYLINE DR, WILMINGTON, DE 19808",,ORR,2019-09-05,
2016-11-08,DE,New Castle,New Castle,county,12-22,,,,WILLIAM COOKE ELEMENTARY SCHL,"2025 GRAVES RD, HOCKESSIN, DE 19707",,ORR,2019-09-05,
2016-11-08,DE,New Castle,New Castle,county,1-23,,,,NEWARK FREE LIBRARY,"750 LIBRARY AVE, NEWARK, DE 19711",,ORR,2019-09-05,
2016-11-08,DE,New Castle,New Castle,county,2-23,,,,FIRST PRESBYTERIAN CHURCH,"292 W MAIN ST, NEWARK, DE 19711",,ORR,2019-09-05,
2016-11-08,DE,New Castle,New Castle,county,3-23,,,,DOWNES ELEMENTARY SCHOOL,"220 CASHO MILL RD, NEWARK, DE 19711",,ORR,2019-09-05,
2016-11-08,DE,New Castle,New Castle,county,4-23,,,,DOWNES ELEMENTARY SCHOOL,"220 CASHO MILL RD, NEWARK, DE 19711",,ORR,2019-09-05,
2016-11-08,DE,New Castle,New Castle,county,5-23,,,,AETNA FIRE STATION #7,"7 THORN LN, NEWARK, DE 19711",,ORR,2019-09-05,
2016-11-08,DE,New Castle,New Castle,county,6-23,,,,MACLARY ELEMENTARY SCHOOL,"300 ST REGIS DR, NEWARK, DE 19711",,ORR,2019-09-05,
2016-11-08,DE,New Castle,New Castle,county,7-23,,,,FIRST CHURCH OF THE NAZARENE,"357 PAPER MILL RD, NEWARK, DE 19711",,ORR,2019-09-05,
2016-11-08,DE,New Castle,New Castle,county,8-23,,,,GEORGE WILSON COMMUNITY CENTER,"303 NEW LONDON RD, NEWARK, DE 19711",,ORR,2019-09-05,
2016-11-08,DE,New Castle,New Castle,county,9-23,,,,UNITARIAN UNIVERSLST/MILLCREEK,"579 POLLY DRUMMOND HILL RD, NEWARK, DE 19711",,ORR,2019-09-05,
2016-11-08,DE,New Castle,New Castle,county,1-24,,,,GAUGER-COBBS MIDDLE SCHOOL,"50 GENDER RD, NEWARK, DE 19713",,ORR,2019-09-05,
2016-11-08,DE,New Castle,New Castle,county,2-24,,,,GAUGER-COBBS MIDDLE SCHOOL,"50 GENDER RD, NEWARK, DE 19713",,ORR,2019-09-05,
2016-11-08,DE,New Castle,New Castle,county,3-24,,,,CHRISTIANA HIGH SCHOOL,"190 SALEM CHURCH RD, NEWARK, DE 19713",,ORR,2019-09-05,
2016-11-08,DE,New Castle,New Castle,county,4-24,,,,CHRISTIANA HIGH SCHOOL,"190 SALEM CHURCH RD, NEWARK, DE 19713",,ORR,2019-09-05,
2016-11-08,DE,New Castle,New Castle,county,5-24,,,,SHUE-MEDILL MIDDLE SCHOOL,"1500 CAPITOL TRL, NEWARK, DE 19711",,ORR,2019-09-05,
2016-11-08,DE,New Castle,New Castle,county,6-24,,,,NEWARK HIGH SCHOOL,"750 E DELAWARE AVE, NEWARK, DE 19711",,ORR,2019-09-05,
2016-11-08,DE,New Castle,New Castle,county,7-24,,,,JENNIE SMITH ELEMENTARY SCHOOL,"142 BRENNEN DR, NEWARK, DE 19713",,ORR,2019-09-05,
2016-11-08,DE,New Castle,New Castle,county,8-24,,,,KIRK MIDDLE SCHOOL,"140 BRENNEN DR, NEWARK, DE 19713",,ORR,2019-09-05,
2016-11-08,DE,New Castle,New Castle,county,9-24,,,,BROOKSIDE ELEMENTARY SCHOOL,"800 MARROWS RD, NEWARK, DE 19713",,ORR,2019-09-05,
2016-11-08,DE,New Castle,New Castle,county,10-24,,,,BROOKSIDE ELEMENTARY SCHOOL,"800 MARROWS RD, NEWARK, DE 19713",,ORR,2019-09-05,
2016-11-08,DE,New Castle,New Castle,county,1-25,,,,NEWARK FREE LIBRARY,"750 LIBRARY AVE, NEWARK, DE 19711",,ORR,2019-09-05,
2016-11-08,DE,New Castle,New Castle,county,2-25,,,,MCVEY ELEMENTARY SCHOOL,"908 JANICE DR, NEWARK, DE 19713",,ORR,2019-09-05,
2016-11-08,DE,New Castle,New Castle,county,3-25,,,,WEST PARK PLACE ELEM SCHOOL,"193 WEST PARK PL, NEWARK, DE 19711",,ORR,2019-09-05,
2016-11-08,DE,New Castle,New Castle,county,4-25,,,,MCVEY ELEMENTARY SCHOOL,"908 JANICE DR, NEWARK, DE 19713",,ORR,2019-09-05,
2016-11-08,DE,New Castle,New Castle,county,5-25,,,,LIGHTHOUSE BAPTIST CHURCH,"1842 OTTS CHAPEL RD, NEWARK, DE 19702",,ORR,2019-09-05,
2016-11-08,DE,New Castle,New Castle,county,6-25,,,,LIGHTHOUSE BAPTIST CHURCH,"1842 OTTS CHAPEL RD, NEWARK, DE 19702",,ORR,2019-09-05,
2016-11-08,DE,New Castle,New Castle,county,7-25,,,,MCVEY ELEMENTARY SCHOOL,"908 JANICE DR, NEWARK, DE 19713",,ORR,2019-09-05,
2016-11-08,DE,New Castle,New Castle,county,8-25,,,,GLASGOW HIGH SCHOOL,"1901 S COLLEGE AVE, NEWARK, DE 19702",,ORR,2019-09-05,
2016-11-08,DE,New Castle,New Castle,county,1-26,,,,GLASGOW HIGH SCHOOL,"1901 S COLLEGE AVE, NEWARK, DE 19702",,ORR,2019-09-05,
2016-11-08,DE,New Castle,New Castle,county,2-26,,,,GLASGOW HIGH SCHOOL,"1901 S COLLEGE AVE, NEWARK, DE 19702",,ORR,2019-09-05,
2016-11-08,DE,New Castle,New Castle,county,3-26,,,,JONES ELEMENTARY SCHOOL,"35 W MAIN ST, NEWARK, DE 19702",,ORR,2019-09-05,
2016-11-08,DE,New Castle,New Castle,county,4-26,,,,CHRISTIANA HIGH SCHOOL,"190 SALEM CHURCH RD, NEWARK, DE 19713",,ORR,2019-09-05,
2016-11-08,DE,New Castle,New Castle,county,5-26,,,,THURGOOD MARSHALL ELEM SCHOOL,"101 BARRETT RUN RD, NEWARK, DE 19702",,ORR,2019-09-05,
2016-11-08,DE,New Castle,New Castle,county,6-26,,,,THURGOOD MARSHALL ELEM SCHOOL,"101 BARRETT RUN RD, NEWARK, DE 19702",,ORR,2019-09-05,
2016-11-08,DE,New Castle,New Castle,county,7-26,,,,THURGOOD MARSHALL ELEM SCHOOL,"101 BARRETT RUN RD, NEWARK, DE 19702",,ORR,2019-09-05,
2016-11-08,DE,New Castle,New Castle,county,8-26,,,,JONES ELEMENTARY SCHOOL,"35 W MAIN ST, NEWARK, DE 19702",,ORR,2019-09-05,
2016-11-08,DE,New Castle,New Castle,county,9-26,,,,GREATER NWK BOYS & GIRLS CLUB,"109 GLASGOW DR, NEWARK, DE 19702",,ORR,2019-09-05,
2016-11-08,DE,New Castle,New Castle,county,1-27,,,,LOSS ELEMENTARY SCHOOL,"200 BRENNAN BLVD, BEAR, DE 19701",,ORR,2019-09-05,
2016-11-08,DE,New Castle,New Castle,county,2-27,,,,BRADER ELEMENTARY SCHOOL,"350 FOUR SEASONS PKY, NEWARK, DE 19702",,ORR,2019-09-05,
2016-11-08,DE,New Castle,New Castle,county,3-27,,,,HODGSON VO-TECH HIGH SCHOOL,"2575 GLASGOW AVE, NEWARK, DE 19702",,ORR,2019-09-05,
2016-11-08,DE,New Castle,New Castle,county,4-27,,,,HODGSON VO-TECH HIGH SCHOOL,"2575 GLASGOW AVE, NEWARK, DE 19702",,ORR,2019-09-05,
2016-11-08,DE,New Castle,New Castle,county,5-27,,,,KEENE ELEMENTARY SCHOOL,"200 LAGRANGE AVE, NEWARK, DE 19702",,ORR,2019-09-05,
2016-11-08,DE,New Castle,New Castle,county,6-27,,,,KEENE ELEMENTARY SCHOOL,"200 LAGRANGE AVE, NEWARK, DE 19702",,ORR,2019-09-05,
2016-11-08,DE,New Castle,New Castle,county,7-27,,,,GOOD SHEPHERD BAPTIST CHURCH,"2274 PORTER RD, BEAR, DE 19701",,ORR,2019-09-05,
2016-11-08,DE,New Castle,New Castle,county,8-27,,,,HODGSON VO-TECH HIGH SCHOOL,"2575 GLASGOW AVE, NEWARK, DE 19702",,ORR,2019-09-05,
2016-11-08,DE,New Castle,New Castle,county,9-27,,,,LOSS ELEMENTARY SCHOOL,"200 BRENNAN BLVD, BEAR, DE 19701",,ORR,2019-09-05,
2016-11-08,DE,New Castle,New Castle,county,10-27,,,,NEW CASTLE CONSERVATION CENTER,"2430 OLD COUNTY RD, NEWARK, DE 19702",,ORR,2019-09-05,
