state,jurisdiction_type,county_name,municipality,name,address,polling_place_type,ElectionDate
NM,county,Bernalillo,Albuquerque,VCC 68 - West Mesa High School,"6701 Fortuna Rd NW, Albuquerque, NM, 87121",vote_center,11/04/2014
NM,county,Bernalillo,Tijeras,VCC 20 - A Montoya Elementary School,"24 Public School Rd, Tijeras, NM, 87059",vote_center,11/04/2014
NM,county,Bernalillo,Albuquerque,VCC 26 - Chaparral Elementary School,"6325 Milne Rd NW, Albuquerque, NM, 87120",vote_center,11/04/2014
NM,county,Bernalillo,Tijeras,VCC 33 - Forest Meadow Baptist Church,"54 Hwy 217, Tijeras, NM, 87059",vote_center,11/04/2014
NM,county,Bernalillo,Albuquerque,VCC 41 - Jefferson Middle School,"712 Girard Blvd NE, Albuquerque, NM, 87106",vote_center,11/04/2014
NM,county,Bernalillo,Albuquerque,VCC 47 - Manzano High School,"12200 Lomas Blvd NE, Albuquerque, NM, 87112",vote_center,11/04/2014
NM,county,Bernalillo,Albuquerque,VCC 52 - Onate Elementary School,"12415 Brentwood Hills Blvd NE, Albuquerque, NM, 87112",vote_center,11/04/2014
NM,county,Bernalillo,Albuquerque,VCC 61 - Valle Vista Elementary School,"1700 Mae Ave SW, Albuquerque, NM, 87105",vote_center,11/04/2014
NM,county,Bernalillo,Albuquerque,ED - SPARE 01,"SPARE, Albuquerque, NM, 87102",vote_center,11/04/2014
NM,county,Bernalillo,Albuquerque,VCC 22 - Albuquerque High School,"800 Odelia Rd NE, Albuquerque, NM, 87102",vote_center,11/04/2014
NM,county,Bernalillo,Albuquerque,VCC 24 - Bandelier Elementary School,"3309 Pershing Ave SE, Albuquerque, NM, 87106",vote_center,11/04/2014
NM,county,Bernalillo,Albuquerque,VCC 31 - Eisenhower Middle School,"11001 Camero Rd NE, Albuquerque, NM, 87111",vote_center,11/04/2014
NM,county,Bernalillo,Albuquerque,VCC 56 - Rio Grande High School,"2300 Arenal Rd SW, Albuquerque, NM, 87105",vote_center,11/04/2014
NM,county,Bernalillo,Albuquerque,VCC 64 - Ventana Ranch Elementary School,"6801 Ventana Village Rd NW, Albuquerque, NM, 87114",vote_center,11/04/2014
NM,county,Bernalillo,Sandia Park,VCC 65 - Vista Grande Community Center,"15 La Madera Rd, Sandia Park, NM, 87047",vote_center,11/04/2014
NM,county,Bernalillo,Albuquerque,VCC 45 - Lyndon B Johnson Middle School,"6811 Taylor Ranch Rd NW, Albuquerque, NM, 87120",vote_center,11/04/2014
NM,county,Bernalillo,Albuquerque,VCC 13 - Los Ranchos Villa,"6601 4th St NW, Suite E F, Albuquerque, NM, 87107",vote_center,11/04/2014
NM,county,Bernalillo,Albuquerque,VCC 54 - Polk Middle School,"2220 Raymac Rd SW, Albuquerque, NM, 87105",vote_center,11/04/2014
NM,county,Bernalillo,To'Hajiilee,VCC 08 - Desiderio Community Center ,"117 Tribal Rd 7036, To'Hajiilee, NM, 87026",vote_center,11/04/2014
NM,county,Bernalillo,Albuquerque,VCC 29 - Double Eagle Elementary School,"8901 Lowell Dr NE, Albuquerque, NM, 87122",vote_center,11/04/2014
NM,county,Bernalillo,Albuquerque,VCC 34 - Garfield Middle School,"3501 6th St NW, Albuquerque, NM, 87107",vote_center,11/04/2014
NM,county,Bernalillo,Albuquerque,VCC 53 - Pajarito Elementary School,"2701 Don Felipe SW, Albuquerque, NM, 87105",vote_center,11/04/2014
NM,county,Bernalillo,Albuquerque,VCC 14 - Petroglyph Plaza,"8201 Golf Course Rd, Suite D-1, Albuquerque, NM, 87120",vote_center,11/04/2014
NM,county,Bernalillo,Albuquerque,VCC 15 - South Valley Multi Purpose Senior Center,"2008 Larrazolo Rd SW, Albuquerque, NM, 87105",vote_center,11/04/2014
NM,county,Bernalillo,Albuquerque,VCC 57 - Rudolfo Anaya Elementary School,"2800 Vermejo Park Dr SW, Albuquerque, NM, 87121",vote_center,11/04/2014
NM,county,Bernalillo,Albuquerque,VCC 07 - Daskalos Center,"5339 Menaul Blvd NE, Albuquerque, NM, 87110",vote_center,11/04/2014
NM,county,Bernalillo,Albuquerque,VCC 37 - Highland High School,"4700 Coal Ave SE, Albuquerque, NM, 87108",vote_center,11/04/2014
NM,county,Bernalillo,Albuquerque,VCC 39 - Hubert H Humphrey Elementary School,"9801 Academy Hills Dr NE, Albuquerque, NM, 87111",vote_center,11/04/2014
NM,county,Bernalillo,Albuquerque,VCC 51 - Mountain View Community Center,"201 Prosperity Ave SE, Albuquerque, NM, 87105",vote_center,11/04/2014
NM,county,Bernalillo,Los Ranchos De Albuquerque,VCC 59 - Taylor Middle School,"8200 Guadalupe Tr NW, Los Ranchos De Albuquerque, NM, 87114",vote_center,11/04/2014
NM,county,Bernalillo,Albuquerque,VCC 49 - McKinley Middle School,"4500 Comanche Rd NE, Albuquerque, NM, 87110",vote_center,11/04/2014
NM,county,Bernalillo,Albuquerque,VCC 28 - Del Norte High School,"5323 Montgomery Blvd NE, Albuquerque, NM, 87110",vote_center,11/04/2014
NM,county,Bernalillo,Albuquerque,VCC 46 - Madison Middle School,"3501 Moon St NE, Albuquerque, NM, 87111",vote_center,11/04/2014
NM,county,Bernalillo,Albuquerque,VCC 60 - Truman Middle School,"9400 Benavides Rd SW, Albuquerque, NM, 87121",vote_center,11/04/2014
NM,county,Bernalillo,Albuquerque,VCC 04 - Caracol Plaza,"12500 Montgomery Blvd NE, Suite 101 , Albuquerque, NM, 87111",vote_center,11/04/2014
NM,county,Bernalillo,Albuquerque,VCC 10 - Holly Plaza,"6600 Holly Ave NE, Suite B-6, Albuquerque, NM, 87113",vote_center,11/04/2014
NM,county,Bernalillo,Albuquerque,VCC 58 - Sandia High School,"7801 Candelaria Rd NE, Albuquerque, NM, 87110",vote_center,11/04/2014
NM,county,Bernalillo,Albuquerque,VCC 63 - Van Buren Middle School,"700 Louisiana Blvd SE, Albuquerque, NM, 87108",vote_center,11/04/2014
NM,county,Bernalillo,Albuquerque,VCC 05 - Central Mercado,"301 San Pedro Dr SE, Suite B C D E, Albuquerque, NM, 87121",vote_center,11/04/2014
NM,county,Bernalillo,Albuquerque,VCC 36 - Herman Sanchez Community Center,"1830 William St SE, Albuquerque, NM, 87102",vote_center,11/04/2014
NM,county,Bernalillo,Albuquerque,VCC 42 - Kennedy Middle School,"721 Tomasita St NE, Albuquerque, NM, 87123",vote_center,11/04/2014
NM,county,Bernalillo,Albuquerque,VCC 44 - La Mesa Elementary School,"7500 Cooper Ave NE, Albuquerque, NM, 87108",vote_center,11/04/2014
NM,county,Bernalillo,Albuquerque,VCC 23 - Arroyo Del Oso Elementary School,"6504 Harper Dr NE, Albuquerque, NM, 87109",vote_center,11/04/2014
NM,county,Bernalillo,Albuquerque,VCC 43 - La Cueva High School,"7801 Wilshire Ave NE, Albuquerque, NM, 87122",vote_center,11/04/2014
NM,county,Bernalillo,Albuquerque,VCC 55 - Raymond G Sanchez Community Center,"9800 4th St NW, Albuquerque, NM, 87114",vote_center,11/04/2014
NM,county,Bernalillo,Albuquerque,VCC 03 - Bernalillo County Visitor and Cultural Center,"6080 Isleta Blvd SW, Albuquerque, NM, 87105",vote_center,11/04/2014
NM,county,Bernalillo,Albuquerque,VCC 32 - Eldorado High School,"11300 Montgomery Blvd NE, Albuquerque, NM, 87111",vote_center,11/04/2014
NM,county,Bernalillo,Albuquerque,VCC 66 - Volcano Vista High School,"8100 Rainbow Blvd NW, Albuquerque, NM, 87114",vote_center,11/04/2014
NM,county,Bernalillo,Albuquerque,VCC 67 - Washington Middle School,"1101 Park Ave SW, Albuquerque, NM, 87102",vote_center,11/04/2014
NM,county,Bernalillo,Albuquerque,VCC 30 - Duranes Elementary School,"2436 Zickert Rd NW, Albuquerque, NM, 87104",vote_center,11/04/2014
NM,county,Bernalillo,Albuquerque,VCC 01 - 98th and Central Shopping Center,"120 98th St NW, Suite B101 B102, Albuquerque, NM, 87120",vote_center,11/04/2014
NM,county,Bernalillo,Isleta,VCC 11 - Isleta Elderly Center,"79 Tribal Road 40, Isleta, NM, 87022",vote_center,11/04/2014
NM,county,Bernalillo,Albuquerque,VCC 21 - Adobe Acres Elementary School,"1724 Camino del Valle SW, Albuquerque, NM, 87105",vote_center,11/04/2014
NM,county,Bernalillo,Albuquerque,VCC 40 - Jackson Middle School,"10600 Indian School Rd NE, Albuquerque, NM, 87112",vote_center,11/04/2014
NM,county,Bernalillo,Albuquerque,VCC 48 - Manzano Mesa Elementary School,"801 Elizabeth St SE, Albuquerque, NM, 87123",vote_center,11/04/2014
NM,county,Bernalillo,Albuquerque,VCC 18 - University of New Mexico,"Student Union Building, Santa Ana A B, Albuquerque, NM, 87131",vote_center,11/04/2014
NM,county,Bernalillo,Albuquerque,VCC 62 - Valley High School,"1505 Candelaria Rd NW, Albuquerque, NM, 87107",vote_center,11/04/2014
NM,county,Bernalillo,Albuquerque,VCC 19 - West Bluff Center,"5201 Ouray Rd NW, Suite D-2, Albuquerque, NM, 87120",vote_center,11/04/2014
NM,county,Bernalillo,Albuquerque,VCC 69 - Zuni Elementary School,"6300 Claremont Ave NE, Albuquerque, NM, 87110",vote_center,11/04/2014
NM,county,Bernalillo,Albuquerque,VCC 09 - Four Hills Shopping Center,"13140 Central Ave SE, Suite 1420, Albuquerque, NM, 87123",vote_center,11/04/2014
NM,county,Bernalillo,Albuquerque,VCC 25 - Bellehaven Elementary School,"8701 Princess Jeanne Ave NE, Albuquerque, NM, 87112",vote_center,11/04/2014
NM,county,Bernalillo,Albuquerque,VCC 06 - Clerk's Annex,"1500 Lomas Blvd NW, Suite A, Albuquerque, NM, 87104",vote_center,11/04/2014
NM,county,Bernalillo,Albuquerque,VCC 38 - Holiday Park Community Center,"11710 Comanche Rd NE, Albuquerque, NM, 87111",vote_center,11/04/2014
NM,county,Bernalillo,Albuquerque,VCC 50 - Montezuma Elementary School,"3100 Indian School Rd NE, Albuquerque, NM, 87106",vote_center,11/04/2014
NM,county,Bernalillo,Albuquerque,VCC 12 - Los Altos Plaza,"4200 Wyoming Blvd NE, Suite B-2, Albuquerque, NM, 87111",vote_center,11/04/2014
NM,county,Bernalillo,Albuquerque,VCC 27 - Cibola High School,"1510 Ellison Dr NW, Albuquerque, NM, 87114",vote_center,11/04/2014
NM,county,Bernalillo,Albuquerque,VCC 35 - Hayes Middle School,"1100 Texas St NE, Albuquerque, NM, 87110",vote_center,11/04/2014
NM,county,Chaves,Dexter,Central Office Dexter Schools,"100 N. Lincoln, Dexter, NM, 88230",vote_center,11/04/2014
NM,county,Chaves,Roswell,East Grand Plains Elementary School,"3773 East Grand Plains, Roswell, NM, 88203",vote_center,11/04/2014
NM,county,Chaves,Roswell,Nazarene - Country Club,"901 E. Country Club, Roswell, NM, 88201",vote_center,11/04/2014
NM,county,Chaves,Roswell,Church On The Move,"901 W. Brasher, Roswell, NM, 88203",vote_center,11/04/2014
NM,county,Cibola,Thoreau,Bluewater Acres Fire Station,"9 Cod Drive, Thoreau, NM, 87323",polling_place,11/04/2014
NM,county,Cibola,Fence Lake,Fence Lake Community Center,"2125 Hwy 36, Fence Lake, NM, 87315",polling_place,11/04/2014
NM,county,Cibola,Seboyeta,Seboyeta Elementary School,"State Road 279, Seboyeta, NM, 87014",polling_place,11/04/2014
NM,county,Cibola,Mesita,Mesita Facility,"1 Industrial Parkway Loop, Mesita, NM, 87040",polling_place,11/04/2014
NM,county,Cibola,Grants,Cibola County Clerk's Office (VCC),"700 E. Roosevelt Suite 50, Grants, NM, 87020",vote_center,11/04/2014
NM,county,Cibola,Grants,Cibola County Complex (VCC),"515 W. High St., Grants, NM, 87020",vote_center,11/04/2014
NM,county,Cibola,Cubero,Cubero Elementary School,"100 Main Street, Cubero, NM, 87014",polling_place,11/04/2014
NM,county,Cibola,Paguate,Paguate Community Center,"60 Paguate Day School Road, Paguate, NM, 87040",polling_place,11/04/2014
NM,county,Cibola,Ramah,Ramah Chapter House,"Route 2 Mt. View Community, Ramah, NM, 87321",polling_place,11/04/2014
NM,county,Cibola,Acoma,Acoma Tribal Auditorium,"33A Pinsbaari Drive, Acoma, NM, 87034",polling_place,11/04/2014
NM,county,Cibola,Milan,Milan Parks & Recreation (VCC),"407 Airport Road, Milan, NM, 87021",vote_center,11/04/2014
NM,county,Cibola,Laguna,Laguna Tribal Building,"22 Capital Road, Laguna, NM, 87026",polling_place,11/04/2014
NM,county,Cibola,Encinal,Encinal Recreation Hall,"5 Flagstone Road, Encinal, NM, 87038",polling_place,11/04/2014
NM,county,Cibola,Paraje,Paraje Recreation Hall,"31 Paraje Road, Paraje, NM, 87007",polling_place,11/04/2014
NM,county,Cibola,Seama,Seama Recreation Hall,"13 Sacred Shield Road, Seama, NM, 87007",polling_place,11/04/2014
NM,county,Cibola,Bluewater,Bluewater Senior Center,"5 Pinon Street, Bluewater, NM, 87005",polling_place,11/04/2014
NM,county,Cibola,San Mateo,San Mateo Fire Station,"110 San Mateo Main Street, San Mateo, NM, 87020",polling_place,11/04/2014
NM,county,Colfax,Raton,St PatrickSt Joseph's Parish Hall ,"104 Buena Vista, Raton, NM, 87740",vote_center,11/04/2014
NM,county,Colfax,Raton,Raton Convention Center,"901 S. 3rd Street, Raton, NM, 87740",vote_center,11/04/2014
NM,county,Curry,Grady,Grady Senior Citizens Center,"104 W. Main St., Grady, NM, 88120",vote_center,11/04/2014
NM,county,Curry,Texico,Pleasant Hill Fire Department,"304 SR 77, Texico, NM, 88135",vote_center,11/04/2014
NM,county,Curry,Clovis,Roy Walker Center,"316 W 2nd Street, Clovis, NM, 88101",vote_center,11/04/2014
NM,county,Curry,Texico,Texico Community Building,"215 N Griffin, Texico, NM, 88135",vote_center,11/04/2014
NM,county,Curry,Clovis,Youth Recreation Building,"1504 E 7th Street, Clovis, NM, 88101",vote_center,11/04/2014
NM,county,Curry,Clovis,Colonial Clubhouse,"1300 Colonial Parkway, Clovis, NM, 88101",vote_center,11/04/2014
NM,county,Dona Ana,Las Cruces,Fairacres Elementary School - VCC,"4501 W Picacho Ave, Las Cruces, NM, 88005",vote_center,11/04/2014
NM,county,Dona Ana,Las Cruces,O単ate High School - VCC,"5700 Mesa Grande Dr, Las Cruces, NM, 88011",vote_center,11/04/2014
NM,county,Dona Ana,Vado,Del Cerro Community Center - VCC,"180 La Fe Ave, Vado, NM, 88048",vote_center,11/04/2014
NM,county,Dona Ana,Las Cruces,Good Samaritan Social Center - VCC,"3011 Buena Vida Cir, Las Cruces, NM, 88011",vote_center,11/04/2014
NM,county,Dona Ana,Mesilla,Mesilla Elementary School - VCC,"2363 Calle Del Sur, Mesilla, NM, 88005",vote_center,11/04/2014
NM,county,Dona Ana,Santa Teresa,Santa Teresa Middle School-VCC,"4800 McNutt Rd, Santa Teresa, NM, 88008",vote_center,11/04/2014
NM,county,Dona Ana,Las Cruces,Camino Real Middle School - VCC ,"2961 Roadrunner Pkwy, Las Cruces, NM, 88011",vote_center,11/04/2014
NM,county,Dona Ana,Las Cruces,Jornada Elementary School - VCC,"3400 Elks Dr, Las Cruces, NM, 88005",vote_center,11/04/2014
NM,county,Dona Ana,Las Cruces,Corbett Center - VCC,"NMSU , Las Cruces, NM, 88003",vote_center,11/04/2014
NM,county,Dona Ana,Las Cruces,Vista Middle School - VCC,"4465 Elks Dr, Las Cruces, NM, 88005",vote_center,11/04/2014
NM,county,Dona Ana,Las Cruces,Las Alturas Fire Station - VCC,"4145 Cholla Dr, Las Cruces, NM, 88011",vote_center,11/04/2014
NM,county,Dona Ana,Las Cruces,Tombaugh Elementary School - VCC,"226 Carver Rd, Las Cruces, NM, 88005",vote_center,11/04/2014
NM,county,Dona Ana,Garfield,Garfield Elementary School - VCC,"8820 HWY 187, Garfield, NM, 87936",vote_center,11/04/2014
NM,county,Dona Ana,Las Cruces,Desert Hills Elementary School - VCC,"280 N Roadrunner Pkwy, Las Cruces, NM, 88011",vote_center,11/04/2014
NM,county,Dona Ana,Do単a Ana,Do単a Ana Community Center - VCC,"5745 Ledesma Dr, Do単a Ana, NM, 88007",vote_center,11/04/2014
NM,county,Dona Ana,Mesilla Park,Frank O'Brien Papen Center - VCC,"304 W Bell Ave, Mesilla Park, NM, 88005",vote_center,11/04/2014
NM,county,Dona Ana,Chaparral,Chaparral Middle School - VCC,"290 Lisa Dr, Chaparral, NM, 88081",vote_center,11/04/2014
NM,county,Dona Ana,La Union,La Union Elementary School - VCC,"875 Mercantile Ave, La Union, NM, 88021",vote_center,11/04/2014
NM,county,Dona Ana,Las Cruces,Las Cruces High School - VCC,"1750 El Paseo Rd, Las Cruces, NM, 88001",vote_center,11/04/2014
NM,county,Dona Ana,Las Cruces,University Hills Elementary School - VCC,"2005 S Locust , Las Cruces, NM, 88001",vote_center,11/04/2014
NM,county,Dona Ana,Las Cruces,Mayfield High School - VCC,"1955 N Valley Dr, Las Cruces, NM, 88007",vote_center,11/04/2014
NM,county,Dona Ana,Las Cruces,New Mexico Farm and Ranch Heritage Museum - VCC,"4100 Dripping Springs Rd, Las Cruces, NM, 88011",vote_center,11/04/2014
NM,county,Dona Ana,Las Cruces,Sierra Middle School - VCC,"1700 Spruce, Las Cruces, NM, 88011",vote_center,11/04/2014
NM,county,Dona Ana,Las Cruces,Sunrise Elementary School - VCC,"5300 Holman Rd, Las Cruces, NM, 88012",vote_center,11/04/2014
NM,county,Dona Ana,Las Cruces,DAC Government Center - VCC,"845 N Motel Blvd, Las Cruces, NM, 88007",vote_center,11/04/2014
NM,county,Dona Ana,Las Cruces,East Picacho Elementary School - VCC,"4450 N Valley Dr, Las Cruces, NM, 88007",vote_center,11/04/2014
NM,county,Dona Ana,Radium Springs,Radium Springs Community Center - VCC,"12060 L.B. Lindbeck Rd, Radium Springs, NM, 88007",vote_center,11/04/2014
NM,county,Dona Ana,Rincon,Rincon Fire Station - VCC,"255 Harlan St, Rincon, NM, 87940",vote_center,11/04/2014
NM,county,Dona Ana,Berino,Berino Elementary School - VCC,"92 Shrode Rd, Berino, NM, 88021",vote_center,11/04/2014
NM,county,Dona Ana,Sunland Park,Desert View Elementary School - VCC,"1105 Valle Vista St, Sunland Park, NM, 88063",vote_center,11/04/2014
NM,county,Dona Ana,Anthony,Gadsden Middle School - VCC,"1301 W Washington St, Anthony, NM, 88021",vote_center,11/04/2014
NM,county,Dona Ana,San Miguel,North Valley Elementary School - VCC,"300 Cascade Ave, San Miguel, NM, 88058",vote_center,11/04/2014
NM,county,Dona Ana,Las Cruces,Lynn Middle School - VCC,"950 S Walnut St, Las Cruces, NM, 88001",vote_center,11/04/2014
NM,county,Eddy,Artesia,Faith Baptist Church,"401 S. 20th Street, Artesia, NM, 88210",vote_center,11/04/2014
NM,county,Eddy,Carlsbad,Eddy County Fire Service Complex,"1400 Commerce Dr., Carlsbad, NM, 88220",vote_center,11/04/2014
NM,county,Eddy,Carlsbad,Lakeview N Canal,"1300 N. Canal St., Carlsbad, NM, 88220",vote_center,11/04/2014
NM,county,Eddy,Artesia,County Sub-Office,"602 S. 1st St., Artesia, NM, 88210",vote_center,11/04/2014
NM,county,Eddy,Carlsbad,Carlsbad Clerk's Office,"325 S. Main St., Carlsbad, NM, 88220",vote_center,11/04/2014
NM,county,Eddy,Carlsbad,St Peter Lutheran Church,"1302 W. Pierce St., Carlsbad, NM, 88220",vote_center,11/04/2014
NM,county,Eddy,Loving,Loving Middle School,"600 S. 6th St., Loving, NM, 88256",vote_center,11/04/2014
NM,county,Grant,Silver City,National Guard Armory,"11990 US Highway 180, Silver City, NM, 88061",vote_center,11/04/2014
NM,county,Grant,Cliff,Grant County Fairgrounds Exhibit Building,"16 Arena Rd., Cliff, NM, 88028",vote_center,11/04/2014
NM,county,Grant,San Lorenzo,San Lorenzo Elementary School,"3655 Highway 35, San Lorenzo, NM, 88041",vote_center,11/04/2014
NM,county,Grant,Pinos Altos,Pinos Altos Volunteer Fire Department,"4759 Highway 15, Pinos Altos, NM, 88053",vote_center,11/04/2014
NM,county,Grant,Bayard,Bayard Community Center,"290 Hurley Ave., Bayard, NM, 88023",vote_center,11/04/2014
NM,county,Grant,Tyrone,Tyrone Community Center,"50 Malachite Ave., Tyrone, NM, 88065",vote_center,11/04/2014
NM,county,Grant,Hurley,Hurley Community Center,"312 Carrasco Ave., Hurley, NM, 88043",vote_center,11/04/2014
NM,county,Grant,Silver City,Silver City Woman's Club,"1715 Silver Heights Blvd., Silver City, NM, 88061",vote_center,11/04/2014
NM,county,Guadalupe,Vaughn,Vaughn Community Center (ED),"781 8th Street, Vaughn, NM, 88353",polling_place,11/04/2014
NM,county,Guadalupe,Anton Chico,Anton Chico Community Center (ED),"1012 San Jose Circle, Anton Chico, NM, 87711",polling_place,11/04/2014
NM,county,Guadalupe,Santa Rosa,City County Complex (ED),"244 S. 4th Street, Santa Rosa, NM, 88435",polling_place,11/04/2014
NM,county,Harding,Roy,Harding County Community Building,"557 Wagon Mound Hwy, Roy, NM, 87743",vote_center,11/04/2014
NM,county,Harding,Mosquero,Harding County Annex,"24 Main Street, Mosquero, NM, 87733",vote_center,11/04/2014
NM,county,Hidalgo,Lordsburg,James H Baxter Civic Center,"313 E. 4th Street, Lordsburg, NM, 88045",vote_center,11/04/2014
NM,county,Hidalgo,Animas,Animas Community Center,"21 Maverick Road, Animas, NM, 88020",polling_place,11/04/2014
NM,county,Hidalgo,Lordsburg,Lordsburg Special Events Center,"502 W. 2nd Street, Lordsburg, NM, 88045",polling_place,11/04/2014
NM,county,Hidalgo,Rodeo,Rodeo Community Center,"16 Hickory Street, Rodeo, NM, 88056",polling_place,11/04/2014
NM,county,Hidalgo,Lordsburg,Hidalgo County Sherriff's Department,"720 E. 2nd Street, Lordsburg, NM, 88045",polling_place,11/04/2014
NM,county,Lea,Hobbs,Lea County Annex Office Complex,"1019 East Bender Boulevard, Hobbs, NM, 88240",vote_center,11/04/2014
NM,county,Lea,Hobbs,Hobbs Municipal School Training Facility,"2110 East Sanger, Hobbs, NM, 88240",vote_center,11/04/2014
NM,county,Lea,Hobbs,Lea County Event Center,"5101 N Lovington Hwy, Hobbs, NM, 88240",vote_center,11/04/2014
NM,county,Lea,Hobbs,Hobbs City Hall,"200 E. Broadway, Hobbs, NM, 88240",vote_center,11/04/2014
NM,county,Lea,Hobbs,Lea County Road Department,"5915 Lovington Highway, Hobbs, NM, 88242",vote_center,11/04/2014
NM,county,Lea,Maljamar,Maljamar Community Hall,"36 Maljamar Rd, Maljamar, NM, 88265",vote_center,11/04/2014
NM,county,Lea,Jal,Jal City Hall,"309 South Main, Jal, NM, 88252",vote_center,11/04/2014
NM,county,Lea,Hobbs,Hobbs Teen Center,"620 West Alto, Hobbs, NM, 88240",vote_center,11/04/2014
NM,county,Lea,Lovington,Lea County Courthouse,"100 North Main, Lovington, NM, 88260",vote_center,11/04/2014
NM,county,Lea,Eunice,Eunice Community Center,"Twelfth & Avenue I, Eunice, NM, 88252",vote_center,11/04/2014
NM,county,Lea,Caprock,Caprock Community Hall,"99 Moore Road, Caprock, NM, 88213",vote_center,11/04/2014
NM,county,Lea,Monument,Monument Community Center,"10620 W. NM Hwy 322, Monument, NM, 88264",vote_center,11/04/2014
NM,county,Lea,Lovington,Lovington Schools Central Office,"18 W. Central Ave., Lovington, NM, 88260",vote_center,11/04/2014
NM,county,Lea,Lovington,"Yucca Building, Fairgrounds","Commercial and Central, Lovington, NM, 88267",vote_center,11/04/2014
NM,county,Lincoln,Corona,Corona Village Hall ,"461 Main Street, Corona, NM, 88318",vote_center,11/04/2014
NM,county,Lincoln,Capitan,Capitan Municipal Schools,"150 Forrest Street, Capitan, NM, 88316",vote_center,11/04/2014
NM,county,Lincoln,Ruidoso Downs,Ruidoso Downs Senior Center,"393 E. Highway 70, Ruidoso Downs, NM, 88346",vote_center,11/04/2014
NM,county,Lincoln,Ruidoso,Ruidoso Convention Center,"111 Sierra Blanca Dr, Ruidoso, NM, 88345",vote_center,11/04/2014
NM,county,Lincoln,Hondo,Hondo Valley Public Schools,"111 Don Pablo Lane, Hondo, NM, 88336",vote_center,11/04/2014
NM,county,Los Alamos,Los Alamos,Los Alamos County Golf Course Community Building,"4250  Diamond Dr, Los Alamos, NM, 87544",vote_center,11/04/2014
NM,county,Luna,Columbus,Columbus Village Library,"112 W. Broadway, Columbus, NM, 88029",vote_center,11/04/2014
NM,county,Luna,Deming,Mimbres Valley Learning Center,"2300 E. Pine, Deming, NM, 88030",vote_center,11/04/2014
NM,county,Luna,Deming,Holy Family Parish Hall,"615 South Copper, Deming, NM, 88030",vote_center,11/04/2014
NM,county,McKinley,Prewitt,Baca Chapter House,"1669 State Hwy 122, Prewitt, NM, 87045",polling_place,11/04/2014
NM,county,McKinley,Rock Springs,Rock Springs Chapter House,"191 A Rock Springs Rd., Rock Springs, NM, 87375",polling_place,11/04/2014
NM,county,McKinley,Zuni,VCC Zuni Fire Station,"#4 3rd St., Zuni, NM, 87327",vote_center,11/04/2014
NM,county,McKinley,Zuni,VCC  Zuni Tribal Building,"1203 State Hwy 53, Zuni, NM, 87327",vote_center,11/04/2014
NM,county,McKinley,Mariano Lake,Mariano Lake Chapter House,"M003-001 Mariano Lake Loop Dr. Mariano Lake, NM, Mariano Lake, NM, 87323",polling_place,11/04/2014
NM,county,McKinley,Gallup,VCC Rio West Mall,"1300 West I-40 Frontage Road, Gallup, NM, 87301",vote_center,11/04/2014
NM,county,McKinley,Wingate,Iyanbito Chapter House,"2111 A Suite 21A Iyanbito Rd, Ft., Wingate, NM, 87316",polling_place,11/04/2014
NM,county,McKinley,Vanderwagen,Breadsprings Chapter House,"190 Rodeo Rd., Vanderwagen, NM, 87326",polling_place,11/04/2014
NM,county,McKinley,Crownpoint,Standing Rock Chapter House,"Mile Marker 24.5 Navajo Rt. 9; 17 Miles West of Crownpoint, Crownpoint, NM, 87313",polling_place,11/04/2014
NM,county,McKinley,Gallup,VCC Northside Fire Station,"911 West Lincoln St., Gallup, Ne, 87301",vote_center,11/04/2014
NM,county,McKinley,Gallup,VCC Eastside Fire Station,"3700 Churchrock St., Gallup, NM, 87301",vote_center,11/04/2014
NM,county,McKinley,Gallup,VCC UNM Gallup Campus,"200 College Dr., Gallup, NM, 87301",vote_center,11/04/2014
NM,county,McKinley,Mexican Springs,Mexican Springs Chapter House,"18 Miles N. 491; 3 Miles West on Navajo Route 30, Mexican Springs, NM, 87320",polling_place,11/04/2014
NM,county,McKinley,Prewitt,Borrego Pass Fire Station,"1600 County Road 19, Prewitt, NM, 87313",polling_place,11/04/2014
NM,county,McKinley,Gallup,VCC Westside Fire Station,"3700 Churchrock Dr., Gallup, Ne, 87301",vote_center,11/04/2014
NM,county,McKinley,Churchrock,Catherine A Miller Elementary School,"6102 Challenger Road, Churchrock, NM, 87311",polling_place,11/04/2014
NM,county,McKinley,Ojo Encino,Ojo Encino Chapter House,"HCR 79 Box 1500, Ojo Encino, NM, 87013",polling_place,11/04/2014
NM,county,McKinley,Crownpoint,Dalton Pass (Nahodishgish) Chapter House,"West Navajo Rt. 9; 1.8 Miles South on Dalton Pass Rd., Crownpoint, NM, 87313",polling_place,11/04/2014
NM,county,McKinley,Ramah,Ramah Fire Station,"#4 Tietjen Ave., Ramah, NM, 87321",polling_place,11/04/2014
NM,county,McKinley,Tohatchi,Tohatchi Elementary School,"100 Chooshgai Road, Tohatchi, NM, 87325",polling_place,11/04/2014
NM,county,McKinley,Wingate,Ft Wingate Fire Station,"290 McGaffey Lake Road Ft., Wingate, NM, 87316",polling_place,11/04/2014
NM,county,McKinley,Tse Bonito,Hilltop Christian School,"02 Hilltop Rd., Tse Bonito, NM, 87301",polling_place,11/04/2014
NM,county,McKinley,YahTaHey,Navajo Estates Fire Station,"19 C Sunset Valley Rd., YahTaHey, NM, 87375",polling_place,11/04/2014
NM,county,McKinley,Twin Lakes,Twin Lakes Elementary School,"Mile Marker 13 N Hwy 491, Twin Lakes, NM, 87375",polling_place,11/04/2014
NM,county,McKinley,Jamestown,Whispering Cedars Fire Station,"40 Whispering Cedars Rd., Jamestown, NM, 87347",polling_place,11/04/2014
NM,county,McKinley,Crownpoint,VCC Crownpoint NEA Office,"PO Box 1925, Crownpoint, NM, 87313",vote_center,11/04/2014
NM,county,McKinley,Vanderwagen,David Skeet Elementary School,"Route 45 Jones Ranch Road, Vanderwagen, NM, 87326",polling_place,11/04/2014
NM,county,McKinley,Churchrock,Pinedale Chapter House,"523 Hwy N 11-49, Churchrock, NM, 87311",polling_place,11/04/2014
NM,county,McKinley,Navajo,Red Lake Chapter House,"Shepard Springs Rd., Navajo, NM, 87328",polling_place,11/04/2014
NM,county,McKinley,Tsayatoh,Tsayatoh Multi Purpose Building,"PO Box 3068, Tsayatoh, NM, 87319",polling_place,11/04/2014
NM,county,McKinley,Pueblo Pintado,Tse Yi Gai High School (Pueblo Pintado),"118 Counselor Road, Pueblo Pintado, NM, 87013",polling_place,11/04/2014
NM,county,McKinley,Smith Lake,Smith Lake Chapter House,"1299 Hwy 371, Smith Lake, NM, 87323",polling_place,11/04/2014
NM,county,McKinley,Gallup,VCC Southside Fire Station,"1800 S. Second St., Gallup, NM, 87301",vote_center,11/04/2014
NM,county,McKinley,Becenti,Becenti Chapter House,"Hwy 371, B003-001, Becenti, NM, 87313",polling_place,11/04/2014
NM,county,McKinley,Gallup,VCC Larry Brian Mitchell Recreation Center,"700 Joseph M Montoya Blvd, Gallup, NM, 87301",vote_center,11/04/2014
NM,county,McKinley,Manuelito,Manuelito Chapter House,"HCR 57 Box 9069, Manuelito, NM, 87301",polling_place,11/04/2014
NM,county,McKinley,Cuba,Whitehorse Lake Chapter House,"HCR 79 Box 4069, Cuba, NM, 87013",polling_place,11/04/2014
NM,county,McKinley,Brimhall,Coyote Canyon Chapter House,"Navajo Rt. 9; 10 Miles East of          Hwy 491, Brimhall, NM, 87310",polling_place,11/04/2014
NM,county,McKinley,Gallup,VCC McKinley County Courthouse Rotunda,"207 West Hill St., Gallup, NM, 87301",vote_center,11/04/2014
NM,county,Mora,Buena Vista,Buena Vista Fire Department,"CR C-011 Buena Vista RD MM 29.5, Buena Vista, NM, 87712",polling_place,11/04/2014
NM,county,Mora,Mora,David Cargo Library,"One Courthouse Road, Mora, NM, 87732",polling_place,11/04/2014
NM,county,Mora,Rainsville,Rainsville Fire Department,"105 Rainsville Rd, Rainsville, NM, 87736",polling_place,11/04/2014
NM,county,Mora,Watrous,Watrous Fire Department,"Concord and 2nd Street, Watrous, NM, 87753",polling_place,11/04/2014
NM,county,Mora,Ocate,Ocate Community Center,"Off SR 120 MM 27, Ocate, NM, 87734",polling_place,11/04/2014
NM,county,Mora,Gaudalupita,Guadalupita Fire Department,"Off SR 434 MM 16, Gaudalupita, NM, 87722",polling_place,11/04/2014
NM,county,Mora,Ledoux,Ledoux Fire Department,"Off SR 94 MM 12, Ledoux, NM, 87732",polling_place,11/04/2014
NM,county,Mora,Holman,Holman Schools,"Off SR 518 MM 37, Holman, NM, 87723",polling_place,11/04/2014
NM,county,Mora,Chacon,Chacon Fire Department,"Off SR 121 MM 6, Chacon, NM, 87713",polling_place,11/04/2014
NM,county,Mora,Cleveland,Cleveland - CHET Fire Department,"Off SR 518 MM 31, Cleveland, NM, 87715",polling_place,11/04/2014
NM,county,Otero,Boles Acres,Boles Acres Fire Station,"10 Sage Ave., Boles Acres, NM, 88311",polling_place,11/04/2014
NM,county,Otero,La Luz,Burro Flats Fire Station,"556 Laborcita Canyon Road, La Luz, NM, 88337",polling_place,11/04/2014
NM,county,Otero,Alamogordo,Otero County Fairgrounds,"401 Fairground Rd., Alamogordo, NM, 88310",vote_center,11/04/2014
NM,county,Otero,Alamogordo,Sgt Willie Estrada Memorial Civic Center,"800 East 1st Street, Alamogordo, NM, 88310",vote_center,11/04/2014
NM,county,Otero,Mayhill,Mayhill Community Center,"11 Civic Center Drive, Mayhill, NM, 88339",polling_place,11/04/2014
NM,county,Otero,Tularosa,Tularosa Public Safety Facility - Court Room,"609 St Francis Dr , Tularosa, NM, 88352",vote_center,11/04/2014
NM,county,Otero,Cloudcroft,Cloudcroft Council Chambers,"201 Burro Ave., Cloudcroft, NM, 88317",polling_place,11/04/2014
NM,county,Otero,High Rolls,High Rolls Fire Station,"39 Old Railroad Drive, High Rolls, NM, 88325",polling_place,11/04/2014
NM,county,Otero,Cloudcroft,James Canyon Fire Station,"2346 US Hwy 82, Cloudcroft, NM, 88317",polling_place,11/04/2014
NM,county,Otero,Weed,Weed Fire Station,"32 Agua Chiquita, Weed, NM, 88354",polling_place,11/04/2014
NM,county,Otero,La Luz,La Luz Elementary School,"99 Alamo Street, La Luz, NM, 88337",polling_place,11/04/2014
NM,county,Otero,Mescalero,Mescalero Community Center,"106 Central, Mescalero, NM, 88340",polling_place,11/04/2014
NM,county,Otero,Cloudcroft,Sivell's Baptist Camp,"1254 Cox Canyon Hwy, Cloudcroft, NM, 88317",polling_place,11/04/2014
NM,county,Otero,Timberon,Timberon Lodge,"1 Bobwhite Circle, Timberon, NM, 88350",polling_place,11/04/2014
NM,county,Otero,Bent,Bent Fire Station,"24043 US Highway 70, Bent, NM, 88314",polling_place,11/04/2014
NM,county,Otero,Pinon,Pinon Fire Station,"4538 Owen Prather Highway, Pinon, NM, 88344",polling_place,11/04/2014
NM,county,Otero,Alamogordo,Tays Special Events Center,"2235 N. Scenic, Alamogordo, NM, 88310",vote_center,11/04/2014
NM,county,Otero,Chaparral,Chaparral Community Center #1,"472 Ace Ryan St, Chaparral, NM, 88081",polling_place,11/04/2014
NM,county,Quay,Tucumcari,Tucumcari Convention Center,"1500 Historic U.S. 66, Tucumcari, NM, 88401",vote_center,11/04/2014
NM,county,Quay,Logan,Logan Civic Center,"100 North Second Street, Logan, NM, 88426",vote_center,11/04/2014
NM,county,Quay,San Jon,San Jon City Community Center,"2357 State Highway 469, San Jon, NM, 88434",vote_center,11/04/2014
NM,county,Quay,House,House CommunitySenior Citizens Center,"110 South Apple Street, House, House, NM, 88121",vote_center,11/04/2014
NM,county,Rio Arriba,Chimayo,"Arboleda Senior Center VCC 8 Pct 13, 14, 15","694 State Road 76, Chimayo, NM, 87522",vote_center,11/04/2014
NM,county,Rio Arriba,Espanola,Santa Clara Senior Citizens Bldg VCC 5 Pct 7,"636 One Kee Street, Espanola, NM, 87532",vote_center,11/04/2014
NM,county,Rio Arriba,Medanales,Medanales Comm Center VCC 19 Pct 39,"214 CR 142, Medanales, NM, 87548",vote_center,11/04/2014
NM,county,Rio Arriba,Chama,Chama Senior Center VCC 10 Pct 20,"2449 US Hwy 84-64, Chama, NM, 87520",vote_center,11/04/2014
NM,county,Rio Arriba,Tierra Amarilla,Tierra Amarilla Senior Center VCC 9 Pct 18 & 19 ,"1113A SR 162, Tierra Amarilla, NM, 87575",vote_center,11/04/2014
NM,county,Rio Arriba,Vallecitos,Vallecitos Fire Department Pct 33,"1540 CR 247, Vallecitos, NM, 87581",polling_place,11/04/2014
NM,county,Rio Arriba,Canjilon,Canjilon Community Center Pct 23,"3115 CR 455, Canjilon, NM, 87515",polling_place,11/04/2014
NM,county,Rio Arriba,Gallina,Gallina School House VCC 13 Pct 30,"1 PR 1650, Gallina, NM, 87017",vote_center,11/04/2014
NM,county,Rio Arriba,Ohkay Owingeh,Ohkay Owingeh Senior Cntr VCC 20 Pct 41,"217 N Cross Place, Ohkay Owingeh, NM, 87566",vote_center,11/04/2014
NM,county,Rio Arriba,Abiquiu,Abiquiu Rural Events Center VCC 16 pct 35,"122A US HWY 84, SR 554, Abiquiu, NM, 87510",vote_center,11/04/2014
NM,county,Rio Arriba,Cebolla,Cebolla Community Center Pct 22,"US Hwy 84 5A CR 310, Cebolla, NM, 87518",polling_place,11/04/2014
NM,county,Rio Arriba,Chamita,Chamita Fire Department VCC 4 pct 5 & 37,"46 CR 56A, Chamita, NM, 87566",vote_center,11/04/2014
NM,county,Rio Arriba,Espanola,"Lucero Center Gym VCC 6 Pct 8, 9 & 12","313 N. Paseo De Onate, Espanola, NM, 87532",vote_center,11/04/2014
NM,county,Rio Arriba,Truchas,Truchas Senior Center Pct 16,"58 CR 75, Truchas, NM, 87578",polling_place,11/04/2014
NM,county,Rio Arriba,Velarde,Velarde Community Center VCC 18 Pct 38,"6 CR 60A, Velarde, NM, 87582",vote_center,11/04/2014
NM,county,Rio Arriba,Dixon,Dixon Community Center VCC 1 Pct 1 & 6,"318 ST RD 75, Dixon, NM, 87527",vote_center,11/04/2014
NM,county,Rio Arriba,Canones,Early Childhood Center Pct 27,"41 CR 197 , Canones, NM, 87516",polling_place,11/04/2014
NM,county,Rio Arriba,Dulce,"Jicarilla Apache Nation Tribal Bldg VCC 11 Pct 21, 24 & 45","25 Hawks Drive, Dulce, NM, 87528",vote_center,11/04/2014
NM,county,Rio Arriba,Espanola,"San Pedro Community Center VCC 7 Pct 10, 11 & 44","30 CR 8, Espanola, NM, 87532",vote_center,11/04/2014
NM,county,Rio Arriba,La Madera,Apache Drums VCC 12 Pct 28 & 42,"491 SR 111, La Madera, NM, 87539",vote_center,11/04/2014
NM,county,Rio Arriba,Coyote,Coyote Senior Center Pct 26,"SR 96 70 Forest Road 309, Coyote, NM, 87012",polling_place,11/04/2014
NM,county,Rio Arriba,Alcalde,Alcalde Community Center VCC 2 Pct 2 & 43,"26 CR 41A, Alcalde, NM, 87511",vote_center,11/04/2014
NM,county,Rio Arriba,Espanola,"Fairview Elementary VCC 3 Pct 3, 4 & 40","1000 Zuni Lane, Espanola, NM, 87532",vote_center,11/04/2014
NM,county,Rio Arriba,Ojo Sarco,Ojo Sarco Fire Department Pct 17,"2228 SR 76, Ojo Sarco, NM, 87521",polling_place,11/04/2014
NM,county,Rio Arriba,Ojo Caliente,Mesa Vista Middle High School Library VCC 15 Pct 32,"HWY 285 Road 111, Ojo Caliente, NM, 87549",vote_center,11/04/2014
NM,county,Rio Arriba,El Rito,El Rito Community Center VCC 14 Pct 31,"1115 SR 554, El Rito, NM, 87530",vote_center,11/04/2014
NM,county,Roosevelt,Floyd,Floyd Community Center,"1572 New Mexico Hwy 267, Floyd, NM, 88118",vote_center,11/04/2014
NM,county,Roosevelt,Elida,Elida Community Center,"704 State Street, Elida, NM, 88116",vote_center,11/04/2014
NM,county,Roosevelt,Portales,Jake Lopez Community Center,"705 East Lime Street, Portales, NM, 88130",vote_center,11/04/2014
NM,county,Roosevelt,Portales,Memorial Building,"200 E. 7th Street, Portales, NM, 88130",vote_center,11/04/2014
NM,county,Roosevelt,Dora,Dora Senior Center,"227 Avenue A, Dora, NM, 88115",vote_center,11/04/2014
NM,county,San Juan,Bloomfield,Bloomfield Cultural Center,"333 S. First St., Bloomfield, NM, 87413",vote_center,11/04/2014
NM,county,San Juan,Farmington,Farmington Civic Center,"200 W. Arrington, Farmington, NM, 87401",vote_center,11/04/2014
NM,county,San Juan,Naschitti,Naschitti Chapter Facilities,"U.S. Highway 491 Mile marker 42, Naschitti, NM, 87364",vote_center,11/04/2014
NM,county,San Juan,Farmington,Sycamore Park Community Center,"1051 Sycamore St., Farmington, NM, 87401",vote_center,11/04/2014
NM,county,San Juan,Aztec,Cedar Hill Fire Station,"#4 CR 2343 Cedar Hill, Aztec, NM, 87410",vote_center,11/04/2014
NM,county,San Juan,Shiprock,Phil Thomas Performance Hall,"U.S. Hwy 64 / W of Shiprock High School, Shiprock, NM, 87420",vote_center,11/04/2014
NM,county,San Juan,Farmington,Pinon Hills Community Church,"5101 N. Dustin Ave., Farmington, NM, 87401",vote_center,11/04/2014
NM,county,San Juan,Gadiiahi,Gadii'ahi Chapter Facilities,"11 miles NW of Shiprock, S of San Juan River, Gadiiahi, NM, 87420",vote_center,11/04/2014
NM,county,San Juan,Beclabito,Beclabito Chapter Facilities,"U.S. Hwy 64 - Mile Marker 3.5, Beclabito, NM, 86514",vote_center,11/04/2014
NM,county,San Juan,La Plata,La Plata Community Center,"1438 NM Highway 170, La Plata, NM, 87418",vote_center,11/04/2014
NM,county,San Juan,Sanostee,Tse alnaozt'i'i (SANOSTEE) Chapter Facilities,"9 miles W of U.S. Hwy 491 on Indian Svc Rt 34, Sanostee, NM, 87461",vote_center,11/04/2014
NM,county,San Juan,Aztec,SJC Fire Operations Center,"209 S. Oliver Drive, Aztec, NM, 87410",vote_center,11/04/2014
NM,county,San Juan,Bloomfield,Bloomfield City Hall,"915 N. First St., Bloomfield, NM, 87413",vote_center,11/04/2014
NM,county,San Juan,Farmington,Farmington Museum at Gateway Park,"3041 East Main Street, Farmington, NM, 87401",vote_center,11/04/2014
NM,county,San Juan,Burnham,Tiis Tsoh Sikaad Chapter Facilities (BURNHAM),"12 Miles E. of US Hwy 491, Navajo Rt. 5 & .5 Mile S. on Navajo Rt. 5080, Burnham, NM, 87325",vote_center,11/04/2014
NM,county,San Juan,Kirtland,Kirtland Youth Association,"39 Road 6500, Kirtland, NM, 87417",vote_center,11/04/2014
NM,county,San Juan,Lake Valley,Lake Valley School,"NM Highway 371 & CR 7750 MM54, Lake Valley, NM, 87313",vote_center,11/04/2014
NM,county,San Juan,Nageezi,Nageezi Chapter Facilities,"11553 NM Highway 550, Nageezi, NM, 87037",vote_center,11/04/2014
NM,county,San Juan,Aztec,Aztec Masonic Lodge,"1020 NE Aztec Blvd., Aztec, NM, 87410",vote_center,11/04/2014
NM,county,San Juan,Huerfano,Huerfano Chapter Facilities,"#536 CR 7150, Huerfano, NM, 87413",vote_center,11/04/2014
NM,county,San Juan,Sheep Springs,Sheep Springs Chapter Facilities,"1/4 mile West of Sheep Springs Store, Sheep Springs, NM, 87364",vote_center,11/04/2014
NM,county,San Juan,Kirtland,BrooksIsham Performing Arts Center,"540 Road 6100, Kirtland, NM, 87417",vote_center,11/04/2014
NM,county,San Juan,Farmington,Farmington Public Library,"2101 Farmington Ave., Farmington, NM, 87401",vote_center,11/04/2014
NM,county,San Juan,McGee Park,McGee Park,"41 Road 5568, McGee Park, NM, 87401",vote_center,11/04/2014
NM,county,San Juan,Farmington,Pinon Hills Seventh Day Adventist Church,"5001 Foothills Dr., Farmington, NM, 87402",vote_center,11/04/2014
NM,county,San Juan,Blanco,Blanco Fire Station,"7372 U.S. Highway 64, Blanco, NM, 87412",vote_center,11/04/2014
NM,county,San Juan,Two Grey Hills,Two Grey Hills Chapter Facilities,"Junction of N-19 and N-5000 - 3 miles South, Two Grey Hills, NM, 87455",vote_center,11/04/2014
NM,county,San Juan,Shiprock,CCSD Business Office,"S. of US Hwy 64-Old Shiprock High A-Gym, Shiprock, NM, 87420",vote_center,11/04/2014
NM,county,San Juan,Crystal,Crystal Chapter Facilities,"Route 134 BIA RD to MM 18, Crystal, NM, 87328",vote_center,11/04/2014
NM,county,San Juan,Newcomb,Newcomb Fire Station,"NM # 56.5 U.S. Highway 491, Newcomb, NM, 87455",vote_center,11/04/2014
NM,county,San Juan,Nenahnezad,Nenahnezad Chapter Facilities,"Between CR 6675 & N36, Nenahnezad, NM, 87416",vote_center,11/04/2014
NM,county,San Miguel,Serafina,Bernal Community Center,"26 CR B28A, Serafina, NM, 87569",polling_place,11/04/2014
NM,county,San Miguel,Ribera,Valley Jr High School Gymnasium,"85 NM Highway 484 , Ribera, NM, 87560",vote_center,11/04/2014
NM,county,San Miguel,Pecos,Pecos High School Gymnasium,"24 Panther Parkway, Pecos, NM, 87552",vote_center,11/04/2014
NM,county,San Miguel,Las Vegas,Sheridan Fire Station,"3327 Ojitos Frios Rd., Las Vegas, NM, 87701",polling_place,11/04/2014
NM,county,San Miguel,Rociada,Rociada Fire Station,"278 NM Hwy 105, Rociada, NM, 87742",polling_place,11/04/2014
NM,county,San Miguel,Anton Chico,Home of Manuel Tenorio,"6 Yellow Brick Road, Anton Chico, NM, 87711",polling_place,11/04/2014
NM,county,San Miguel,Sapello,Mike Mateo Elem School Gymnasium,"12 CR A-1, Sapello, NM, 87745",polling_place,11/04/2014
NM,county,San Miguel,Las Vegas,Tecolote Community Center,"91 CR B47A, Las Vegas, NM, 87701",polling_place,11/04/2014
NM,county,San Miguel,Las Vegas,Trujillo School House,"42 CR C51A, Las Vegas, NM, 87701",polling_place,11/04/2014
NM,county,San Miguel,Las Vegas,"Robertson HS, Mike Marr Gymnasium","1240 5th Street, Las Vegas, NM, 87701",vote_center,11/04/2014
NM,county,San Miguel,San Juan,San Juan Community Center,"121 CR B41A, San Juan, NM, 87565",polling_place,11/04/2014
NM,county,San Miguel,Las Vegas,West Las Vegas HS Gillie Lopez Gymnasium,"157 Moreno St., Las Vegas, NM, 87701",vote_center,11/04/2014
NM,county,San Miguel,Trementina,Trementina Fire Station,"9 NM Hwy 419, Trementina, NM, 88439",polling_place,11/04/2014
NM,county,San Miguel,Conchas Dam,Conchas Dam Fire Station,"101 Big Mesa Ave., Conchas Dam, NM, 88416",polling_place,11/04/2014
NM,county,Sandoval,Algodones,VCC Algodones Elementary School,"395 Calle San Jose, Algodones, NM, 87001",polling_place,11/04/2014
NM,county,Sandoval,Bernalillo,VCC Sandoval County Admin Bldg,"1500 Idalia Rd NE, Bldg D, Bernalillo, NM, 87004",polling_place,11/04/2014
NM,county,Sandoval,Placitas,VCC Las Placitas Presbyterian Church,"7 Paseo De San Antonio, Placitas, NM, 87043",polling_place,11/04/2014
NM,county,Sandoval,Zia Pueblo ,VCC Zia Pueblo Community Center,"135 Capital Square Dr., Zia Pueblo , NM, 87053",polling_place,11/04/2014
NM,county,Sandoval,San Felipe Pueblo,VCC San Felipe Pueblo Senior Center,"5 Cedar Rd., San Felipe Pueblo, NM, 87001",polling_place,11/04/2014
NM,county,Sandoval,Jemez Pueblo,VCC Community Resource Center,"129 Canal St., Jemez Pueblo, NM, 87024",polling_place,11/04/2014
NM,county,Sandoval,Rio Rancho,VCC Highlands University in Rio Rancho,"1700 Grande Ct. SE, Rio Rancho, NM, 87124",polling_place,11/04/2014
NM,county,Sandoval,Corrales,VCC Corrales Recreation Center,"500 Jones Rd., Corrales, NM, 87048",polling_place,11/04/2014
NM,county,Sandoval,Counselors,VCC Counselors Chapter House,"9828 Chapter House Rd. #14, Counselors, NM, 87018",polling_place,11/04/2014
NM,county,Sandoval,Corrales,VCC Sandia View Christian School,"24 Academy Ln., Corrales, NM, 87048",polling_place,11/04/2014
NM,county,Sandoval,Ojo Encino,VCC Ojo Encino Chapter House,"HCR 79 Box 1500, Ojo Encino, NM, 87013",polling_place,11/04/2014
NM,county,Sandoval,Rio Rancho,VCC Colinas Del Norte Elementary School,"1001 Night Sky Ave NE, Rio Rancho, NM, 87144",polling_place,11/04/2014
NM,county,Sandoval,Cochiti Lake,VCC Cochiti Lake Volunteer FireEMS,"6515-C Hoochaneetsa Blvd., Cochiti Lake, NM, 87083",polling_place,11/04/2014
NM,county,Sandoval,La Cueva,VCC La Cueva Volunteer Fire Station,"122 Twisted Juniper, La Cueva, NM, 87025",polling_place,11/04/2014
NM,county,Sandoval,La Madera,VCC La Madera Volunteer Fire Station,"672 Faith Dr., La Madera, NM, 87047",polling_place,11/04/2014
NM,county,Sandoval,Rio Rancho,VCC Rio Rancho Public Library,"755 Loma Colorado Dr., Rio Rancho, NM, 87124",polling_place,11/04/2014
NM,county,Sandoval,Sierra Los Pinos,VCC Sierra Los Pinos Volunteer Fire Station,"960 Forrest Rd. 10, Sierra Los Pinos, NM, 87025",polling_place,11/04/2014
NM,county,Sandoval,Rio Rancho,VCC Puesta Del Sol Elementary School,"450 Southern Boulevard, Rio Rancho, NM, 87124",polling_place,11/04/2014
NM,county,Sandoval,Bernalillo,VCC Sandoval County Admin Bldg D Pct 51,"1500 Idalia Rd., Bernalillo, NM, 87004",polling_place,11/04/2014
NM,county,Sandoval,Bernalillo,VCC Bernalillo Middle School,"485 Camino Don Tomas, Bernalillo, NM, 87004",polling_place,11/04/2014
NM,county,Sandoval,Rio Rancho,VCC Maggie Cordova Elementary School,"1500 Veranda SE, Rio Rancho, NM, 87124",polling_place,11/04/2014
NM,county,Sandoval,Rio Rancho,VCC Mountain View Middle School,"4101 Montreal Loop, Rio Rancho, NM, 87124",polling_place,11/04/2014
NM,county,Sandoval,Ponderosa,VCC Ponderosa Volunteer Fire Station,"4252 Highway 290, Ponderosa, NM, 87044",polling_place,11/04/2014
NM,county,Sandoval,Rio Rancho,VCC Vista Grande Elementary School,"7001 Chayote Rd NE, Rio Rancho, NM, 87144",polling_place,11/04/2014
NM,county,Sandoval,Cochiti Pueblo,VCC Cochiti Pueblo Community Center,"255 Cochiti St., Cochiti Pueblo, NM, 87041",polling_place,11/04/2014
NM,county,Sandoval,San Ysidro,VCC San Ysidro Public Safety Training Room,"372 Highway 4, San Ysidro, NM, 87053",polling_place,11/04/2014
NM,county,Sandoval,Rio Rancho,VCC Cielo Azul Elementary School,"3804 Shiloh Rd., Rio Rancho, NM, 87144",polling_place,11/04/2014
NM,county,Sandoval,Canon,VCC Jemez Valley Community Center,"8154 Highway 4, Canon, NM, 87024",polling_place,11/04/2014
NM,county,Sandoval,La Jara,VCC La Jara Volunteer Fire Station,"108 County Rd. 496, La Jara, NM, 87013",polling_place,11/04/2014
NM,county,Sandoval,Rio Rancho,VCC Rio Rancho Middle School,"1600 Loma Colorado Blvd., Rio Rancho, NM, 87124",polling_place,11/04/2014
NM,county,Sandoval,Santo Domingo Pueblo,VCC Santo Domingo Pueblo Community Center,"1 Tesuque St., Santo Domingo Pueblo, NM, 87052",polling_place,11/04/2014
NM,county,Sandoval,Rio Rancho,VCC Meadowlark Senior Center,"4330 Meadowlark Ln SE, Rio Rancho, NM, 87124",polling_place,11/04/2014
NM,county,Sandoval,Torreon,VCC Torreon Chapter House,"Highway 197, Torreon, NM, 87013",polling_place,11/04/2014
NM,county,Sandoval,Pena Blanca,VCC Pena Blanca Community Center,"778 Highway 22, Pena Blanca, NM, 87041",polling_place,11/04/2014
NM,county,Santa Fe,Pojoaque,POJOAQUE MIDDLE SCHOOL,"1797 STATE RD 502, Pojoaque, NM, 87506",vote_center,11/04/2014
NM,county,Santa Fe,Glorieta,GLORIETA PASS FIRE STATION #2,"366 OLD DENVER HIGHWAY, Glorieta, NM, 87535",vote_center,11/04/2014
NM,county,Santa Fe,Cerrillos,ST JOSEPH'S PARISH HALL,"2 E WALDO ST, Cerrillos, NM, 87010",vote_center,11/04/2014
NM,county,Santa Fe,Santa Fe,NAMBE COMMUNITY CENTER,"180 A STATE RD 503, Santa Fe, NM, 87506",vote_center,11/04/2014
NM,county,Santa Fe,Santa Fe,AMY BIEHL COMMUNITY SCHOOL,"301 AVENIDA DEL SUR, Santa Fe, NM, 87508",vote_center,11/04/2014
NM,county,Santa Fe,Santa Fe,EL RANCHO SENIOR CENTER,"394 COUNTY RD 84, Santa Fe, NM, 87506",vote_center,11/04/2014
NM,county,Santa Fe,Santa Fe,SAN ILDEFONSO PUEBLO VISITOR CENTER,"74 POVI KAA DR, Santa Fe, NM, 87506",vote_center,11/04/2014
NM,county,Santa Fe,Chimayo,BENNY J CHAVEZ COMMUNITY CENTER,"354 A JUAN MEDINA RD, Chimayo, NM, 87522",vote_center,11/04/2014
NM,county,Santa Fe,Santa Fe,LA CIENEGA COMMUNITY CENTER ,"136 Camino San Jose, Santa Fe, NM, 87507",vote_center,11/04/2014
NM,county,Santa Fe,Santa Fe,ST JOHN'S METHODIST CHURCH,"1200 Old Pecos Trail, Santa Fe, NM, 87505",vote_center,11/04/2014
NM,county,Santa Fe,GALISTEO,GALISTEO COMMUNITY CENTER,"35 AVENIDA VIEJA, GALISTEO, NM, 87540",vote_center,11/04/2014
NM,county,Santa Fe,Santa Fe,HONDO FIRE STATION #2,"645 OLD LAS VEGAS HWY, Santa Fe, NM, 87508",vote_center,11/04/2014
NM,county,Santa Fe,Santa Fe,MONTEZUMA LODGE,"431 PASEO DE PERALTA, Santa Fe, NM, 87501",vote_center,11/04/2014
NM,county,Santa Fe,Santa Fe,NAMBE PUEBLO TRIBAL ADMINISTRATIVE BUILDING,"15 Bayay Poe, Santa Fe, NM, 87506",vote_center,11/04/2014
NM,county,Santa Fe,Santa Fe,MAX COLL CORRIDOR COMMUNITY CENTER,"16 AVENIDA TORREON, Santa Fe, NM, 87508",vote_center,11/04/2014
NM,county,Santa Fe,Santa Fe,SANTA FE COUNTY FAIR BUILDING,"3229 RODEO RD, Santa Fe, NM, 87507",vote_center,11/04/2014
NM,county,Santa Fe,Santa Fe,TESUQUE ELEMENTARY SCHOOL,"1555 BISHOPS LODGE RD, Santa Fe, NM, 87506",vote_center,11/04/2014
NM,county,Santa Fe,Santa Fe,TESUQUE PUEBLO INTERGENERATIONAL CENTER,"39 TP 804, Santa Fe, NM, 87506",vote_center,11/04/2014
NM,county,Santa Fe,Stanley,STANLEY CYCLONE CENTER,"22 W KINSELL AVE, Stanley, NM, 87056",vote_center,11/04/2014
NM,county,Santa Fe,Santa Fe,TURQUOISE TRAIL CHARTER ELEMENTARY SCHOOL,"13 A SAN MARCOS LOOP, Santa Fe, NM, 87508",vote_center,11/04/2014
NM,county,Sierra,T or C,Ken James Senior Center,"Hwy 187, T or C, NM, 87901",vote_center,11/04/2014
NM,county,Sierra,Hillsboro,Hillsboro Community Center,"Elenora Street (BLK 6 Lots 3, 8, 11 &12), Hillsboro, NM, 88042",vote_center,11/04/2014
NM,county,Sierra,T or C,Civic Center,"400 W. 4th Street, T or C, NM, 87901",vote_center,11/04/2014
NM,county,Sierra,Caballo,Caballo Fire Station,"Hwy 187, Caballo, NM, 87931",vote_center,11/04/2014
NM,county,Sierra,Monticello,Monticello Fire Station,"State Hwy 142, Monticello, NM, 87939",vote_center,11/04/2014
NM,county,Sierra,Winston,Winston Fire Station,"10 Hwy 52, Winston, NM, 87943",vote_center,11/04/2014
NM,county,Sierra,T or C,Albert J Lyons Events,"2953 South Broadway, T or C, NM, 87901",vote_center,11/04/2014
NM,county,Sierra,Elephant Butte,Elephant Butte Community Center,"103 Rio Grand Street, Elephant Butte, NM, 87935",vote_center,11/04/2014
NM,county,Socorro,Socorro,Socorro Teen Center-VCC2,"1002 Ake Avenue, Socorro, NM, 87801",vote_center,11/04/2014
NM,county,Socorro,Socorro,Socorro County Annex-VCC1,"198 Neel Avenue, Socorro, NM, 87801",vote_center,11/04/2014
NM,county,Taos,Taos,Taos Middle School,"213 Paseo del Canon, Taos, NM, 87571",polling_place,11/04/2014
NM,county,Taos,El Prado,Los Cordovas Community Center ,"60 Los Cordovas Rd, El Prado, NM, 87529",polling_place,11/04/2014
NM,county,Taos,Questa,Alta Vista Middle School #5,"4 Wildcat Rd Hwy 522, Questa, NM, 87556",polling_place,11/04/2014
NM,county,Taos,Ranchos de Taos,Ranchos Elementary School #19,"200 Sanders Lane, Ranchos de Taos, NM, 87557",polling_place,11/04/2014
NM,county,Taos,Costilla,Costilla Elementary School,"# 14 Garcia Rd, Costilla, NM, 87524",polling_place,11/04/2014
NM,county,Taos,Taos Ski Valley,Inn Taos Ski Valley,"1314 St Hwy 150, Taos Ski Valley, NM, 87525",polling_place,11/04/2014
NM,county,Taos,Penasco,Rio Lucio Community Center,"1264 St Rd 75, Penasco, NM, 87553",polling_place,11/04/2014
NM,county,Taos,Taos,Christian Academy Gymnasium #18,"814 Witt Road, Taos, NM, 87571",polling_place,11/04/2014
NM,county,Taos,Taos,BLM Rio Grande Gorge Visitor Center,"2873 North St Rd 68, Taos, NM, 87571",polling_place,11/04/2014
NM,county,Taos,Vadito,Vadito Community Center #26,"5 Picuris Rd, Vadito, NM, 87579",polling_place,11/04/2014
NM,county,Taos,Amalia,Amalia Senior Citizen Center,"583 St Rd 196, Amalia, NM, 87512",polling_place,11/04/2014
NM,county,Taos,Ranchos de Taos,Talpa Community Center,"3 Archuleta Rd, Ranchos de Taos, NM, 87557",polling_place,11/04/2014
NM,county,Taos,Arroyo Seco,Arroyo Seco Community Center,"498 Hwy 150, Arroyo Seco, NM, 87514",polling_place,11/04/2014
NM,county,Taos,Ranchos de Taos,Llano Quemado Community Center,"6 Miranda Canyon Rd, Ranchos de Taos, NM, 87557",polling_place,11/04/2014
NM,county,Taos,Penasco,Picuris Pueblo Administration Building,"Off St Rd 75, Penasco, NM, 87553",polling_place,11/04/2014
NM,county,Taos,Red River,Red River Conference Center,"101 W River St, Red River, NM, 87558",polling_place,11/04/2014
NM,county,Taos,Cerro,Cerro Community Center,"151 St. Rd 372, Cerro, NM, 87519",polling_place,11/04/2014
NM,county,Taos,Chamisal,Chamisal Senior Center #27,"1272 St Rd 76, Chamisal, NM, 87521",polling_place,11/04/2014
NM,county,Taos,San Cristobal,San Cristobal Community Center,"Camino del Medio Building #34, San Cristobal, NM, 87564",polling_place,11/04/2014
NM,county,Taos,Arroyo Hondo,Arroyo Hondo Community Center #9,"26 Lower Arroyo Hondo, Arroyo Hondo, NM, 87513",polling_place,11/04/2014
NM,county,Taos,Llano,Llano Community Center,"15 Upper Llano Rd, Llano, NM, 87543",polling_place,11/04/2014
NM,county,Taos,Taos,Taos High School,"134 Cervantes St, Taos, NM, 87571",polling_place,11/04/2014
NM,county,Taos,Valdez,Valdez Old School,"Hwy 230 near the Valdez Post Office, Valdez, NM, 87580",polling_place,11/04/2014
NM,county,Taos,Taos,Rio Fernando Firehouse #18,"26566 Hwy 64 E, Taos, NM, 87571",polling_place,11/04/2014
NM,county,Taos,El Prado,El Prado W&S District Office,"1110 Paseo del Pueblo Norte, El Prado, NM, 87529",polling_place,11/04/2014
NM,county,Taos,Ojo Caliente,Ojo Caliente Fire House,"20 Los Banos, Ojo Caliente, NM, 87549",polling_place,11/04/2014
NM,county,Taos,Taos Pueblo,Taos Pueblo Community Center,"Taos Pueblo, Taos Pueblo, NM, 87571",polling_place,11/04/2014
NM,county,Taos,Tres Piedras,Tres Piedras Fire House,"38391 Hwy 285, Tres Piedras, NM, 87577",polling_place,11/04/2014
NM,county,Torrance,Estancia,ESTANCIA HIGH SCHOOL GYM,"709 Hopewell Ave., Estancia, NM, 87016",vote_center,11/04/2014
NM,county,Torrance,Willard,WILLARD COMMUNITY CENTER,"520 N. Becker Ave., Willard, NM, 87063",vote_center,11/04/2014
NM,county,Torrance,Tajique,TAJIQUE COMMUNITY CENTER,"8636 Hwy 55, Tajique, NM, 87016",vote_center,11/04/2014
NM,county,Torrance,Moriarty,MORIARTY CIVIC CENTER,"202 S. Broadway Ave., Moriarty, NM, 87035",vote_center,11/04/2014
NM,county,Torrance,Manzano,MANZANO CENTER,"4 Community Center Rd., Manzano, NM, 87036",vote_center,11/04/2014
NM,county,Torrance,Mountainair,DR SAUL COMMUNITY CENTER,"111 N. Roosevelt , Mountainair, NM, 87036",vote_center,11/04/2014
NM,county,Torrance,Torreon,TORREON COMMUNITY CENTER,"18 Torreon Heights Rd., Torreon, NM, 87061",vote_center,11/04/2014
NM,county,Torrance,Duran,DURAN FIRE STATION,"19 Vidal St., Duran, NM, 88319",polling_place,11/04/2014
NM,county,Torrance,Encino,ENCINO COMMUNITY CENTER,"427 A North Main St., Encino, NM, 88321",vote_center,11/04/2014
NM,county,Union,Sedan,Sedan Fire Station,"501 Sedan Hwy Sedan, Sedan, NM, 88436",vote_center,11/04/2014
NM,county,Union,Clayton,Clayton Civic Center Election Day,"124 N. Front Street Clayton, Clayton, NM, 88415",vote_center,11/04/2014
NM,county,Union,Amistad,Amistad Methodist Church,"44 Amistad Hwy Amistad, Amistad, NM, 88410",vote_center,11/04/2014
NM,county,Valencia,Los Lunas,Los Lunas Schools Administration,"119 Luna Ave, Los Lunas, NM, 87031",vote_center,11/04/2014
