state,jurisdiction_type,county_name,municipality,precinct_name,precinct_id,name,address
MT,county,Beaverhead,DILLON,PRECINCT 01,PREC_01,LUTHERAN CHURCH,"715 E BANNACK, DILLON, MT 59725.0"
MT,county,Beaverhead,DILLON,PRECINCT 02,PREC_02,LUTHERAN CHURCH,"715 E BANNACK, DILLON, MT 59725.0"
MT,county,Beaverhead,DILLON,PRECINCT 03,PREC_03,LUTHERAN CHURCH,"715 E BANNACK, DILLON, MT 59725.0"
MT,county,Beaverhead,LIMA,PRECINCT 04,PREC_04,LIMA FIRE HALL,"5 WEST SECTION CORNER ST, LIMA, MT 59739.0"
MT,county,Beaverhead,LIMA,PRECINCT 05,PREC_05,LIMA COMM FIRE HALL,"5 W SEC CORNER ST, LIMA, MT 59739.0"
MT,county,Beaverhead,DILLON,PRECINCT 06,PREC_06,LUTHERAN CHURCH,"715 E BANNACK, DILLON, MT 59725.0"
MT,county,Beaverhead,DILLON,PRECINCT 07,PREC_07,LUTHERAN CHURCH,"715 E BANNACK, DILLON, MT 59725.0"
MT,county,Beaverhead,GRANT,PRECINCT 08,PREC_08,GRANT SCHOOL,"12420 HIGHWAY 324, GRANT, MT 59725.0"
MT,county,Beaverhead,DILLON,PRECINCT 09,PREC_09,LUTHERAN CHURCH,"715 E BANNACK, DILLON, MT 59725.0"
MT,county,Beaverhead,DILLON,PRECINCT 12,PREC_12,LUTHERAN CHURCH,"715 E BANNACK, DILLON, MT 59725.0"
MT,county,Beaverhead,DILLON,PRECINCT 14,PREC_14,LUTHERAN CHURCH,"715 E BANNACK, DILLON, MT 59725.0"
MT,county,Beaverhead,GLEN,PRECINCT 17,PREC_17,REICHLE SCHOOL 1,"6715 SCHOOLHOUSE RD, GLEN, MT 59732.0"
MT,county,Beaverhead,POLARIS,PRECINCT 19,PREC_19,POLARIS SCHOOL,"4210 PIONEER MOUNTAINS BYWAY, POLARIS, MT 59746.0"
MT,county,Beaverhead,JACKSON,PRECINCT 20,PREC_20,JACKSON SCHOOL,"415 JARDINE, JACKSON, MT 59736.0"
MT,county,Beaverhead,WISDOM,PRECINCT 21,PREC_21,WISDOM COMMUNITY HALL,"411 COUNTY ROAD, WISDOM, MT 59761.0"
MT,county,Beaverhead,WISE RIVER,PRECINCT 23,PREC_23,WISE RIVER FIRE HALL,"64845 HIGHWAY, WISE RIVER, MT 59762.0"
MT,county,Big Horn,HARDIN,PRECINCT #1,1,BHC FAIRGROUNDS,"118 SAWYER LOOP, HARDIN, MT 59034.0"
MT,county,Big Horn,FORT SMITH,PRECINCT #2,2,NAT'L PARK SERV BLDG - FORT SMITH,"5 AVE B, FORT SMITH, MT 59035.0"
MT,county,Big Horn,HARDIN,PRECINCT #3,3,BHC FAIRGROUNDS,"118 SAWYER LOOP, HARDIN, MT 59034.0"
MT,county,Big Horn,HARDIN,PRECINCT #4,4,BHC FAIRGROUNDS,"118 SAWYER LOOP, HARDIN, MT 59034.0"
MT,county,Big Horn,CROW AGENCY,PRECINCT #5,5,CROW SCHOOL -  RENO,"8470 S CHILD STREET, CROW AGENCY, MT 59022.0"
MT,county,Big Horn,BIG HORN,PRECINCT #6,6,SARPY COMMUNITY BUILDING,"22997 E SARPY ROAD, BIG HORN, MT 59010.0"
MT,county,Big Horn,CROW AGENCY,PRECINCT #7,7,CROW SCHL -  CROW AGNCY,"8470 S. CHILD STREET, CROW AGENCY, MT 59022.0"
MT,county,Big Horn,SAINT XAVIER,PRECINCT #8,8,PRETTY EAGLE SCHL -  ST X,"18348 S MISSION ROAD, SAINT XAVIER, MT 59075.0"
MT,county,Big Horn,LODGE GRASS,PRECINCT #9 aka LODGE GRASS,9,LODGE GRASS ELEMENTARY SCHOOL,"11448 E. LODGE GRASS SCHOOL ROAD, LODGE GRASS, MT 59050.0"
MT,county,Big Horn,DECKER,PRECINCT #10,10,SPRING CREEK SCHOOL,"38966 E. TONGUE LANE, DECKER, MT 59025.0"
MT,county,Big Horn,WYOLA,PRECINCT #14,14,WYOLA SCHOOL - WYOLA,"41220 S. MONDEL AVE., WYOLA, MT 59089.0"
MT,county,Big Horn,PRYOR,PRECINCT #15,15,PRYOR ELEM SCH - PRYOR,"45089 W. SCHOOL YARD STREET, PRYOR, MT 59066.0"
MT,county,Big Horn,HARDIN,PRECINCT #17,17,BHC FAIRGROUNDS,"118 SAWYER LOOP, HARDIN, MT 59034.0"
MT,county,Big Horn,HARDIN,PRECINCT #18,18,BHC FAIRGROUNDS,"118 SAWYER LOOP, HARDIN, MT 59034.0"
MT,county,Big Horn,HARDIN,PRECINCT #19,19,BHC FAIRGROUNDS,"118 SAWYER LOOP, HARDIN, MT 59034.0"
MT,county,Big Horn,LODGE GRASS,PRECINCT #21 aka GOOD LUCK PCT,21,LODGE GRASS ELEMENTARY SCHOOL,"11448 E. LODGE GRASS SCHOOL ROAD, LODGE GRASS, MT 59050.0"
MT,county,Big Horn,LODGE GRASS,PRECINCT #25 aka LODGE GRASS,25,LODGE GRASS ELEMENTARY SCHOOL,"11448 E. LODGE GRASS SCHOOL ROAD, LODGE GRASS, MT 59050.0"
MT,county,Big Horn,BUSBY,PRECINCT #26,26,N.C. TRIBAL SCHOOL,"13152 S. B STREET, BUSBY, MT 59016.0"
MT,county,Big Horn,HARDIN,PRECINCT #4N,4N,BHC FAIRGROUNDS,"118 SAWYER LOOP, HARDIN, MT 59034.0"
MT,county,Blaine,TURNER,TURNER 1-33,PREC_01,TURNER SCHOOL #1,"190 1ST ST E, TURNER, MT 59542.0"
MT,county,Blaine, FORT BELKNAP AGENCY,BELKNAP 3-32,PREC_03,SACRED HEART CATHOLIC CHURCH #3,"210 CHIPPEWA AVE ,  FORT BELKNAP AGENCY, MT 59526.0"
MT,county,Blaine,HARLEM,HARLEM 8-32,PREC_08,HARLEM HIGH SCHOOL #8,"610 1ST AVE SE, HARLEM, MT 59526.0"
MT,county,Blaine,FORT BELKNAP AGENCY,HARLEM 9-32,PREC_09,SACRED HEART CATHOLIC CHURCH #9,"210 CHIPPEWA AVE , FORT BELKNAP AGENCY, MT 59526.0"
MT,county,Blaine,CHINOOK,SO CHINOOK 10-32,PREC_10,CHINOOK HIGH SCHOOL #10,"528 OHIO ST, CHINOOK, MT 59523.0"
MT,county,Blaine,CHINOOK,CHINOOK 11-33,PREC_11,CHINOOK HIGH SCHOOL #11,"528 OHIO ST, CHINOOK, MT 59523.0"
MT,county,Blaine,CHINOOK,NO CHINOOK 13-33,PREC_13,CHINOOK HIGH SCHOOL #13,"528 OHIO ST, CHINOOK, MT 59523.0"
MT,county,Blaine,HAYS,HAYS 15-32,PREC_15,HAYS/LODGEPOLE  HIGHSCHOOL  #15,"197 THUNDERBIRD LN, HAYS, MT 59527.0"
MT,county,Broadwater,WINSTON,PRECINCT 1,PREC_1,WINSTON FIRE HALL,"6467 HWY 287, WINSTON, MT 59647.0"
MT,county,Broadwater,TOWNSEND,PRECINCT 11,PREC_11,LIBRARY COMMUNITY ROOM,"201 N SPRUCE, TOWNSEND, MT 59644.0"
MT,county,Broadwater,TOWNSEND,PRECINCT 12,PREC_12,LIBRARY COMMUNITY ROOM,"201 N SPRUCE, TOWNSEND, MT 59644.0"
MT,county,Broadwater,TOSTON,PRECINCT 13,PREC_13,TOSTON FIRE HALL,"8852 HWY 287, TOSTON, MT 59643.0"
MT,county,Broadwater,TOWNSEND,PRECINCT 7,PREC_7,LIBRARY COMMUNITY ROOM,"201 N SPRUCE, TOWNSEND, MT 59644.0"
MT,county,Carbon,JOLIET,P 1,001,P1 JOLIET COMMUNITY CENTER,"209 E FRONT, JOLIET, MT 59041.0"
MT,county,Carbon,JOLIET,P 2,002,P2 JOLIET COMMUNITY CENTER,"209 E FRONT, JOLIET, MT 59041.0"
MT,county,Carbon,JOLIET,P 3,003,P3 JOLIET COMMUNITY CENTER,"209 E FRONT, JOLIET, MT 59041.0"
MT,county,Carbon,BRIDGER,P 4,004,P4 BRIDGER HIGH SCHOOL,"429 W PARK, BRIDGER, MT 59014.0"
MT,county,Carbon,BRIDGER,P 5,005,P5 BRIDGER HIGH SCHOOL,"429 W PARK, BRIDGER, MT 59014.0"
MT,county,Carbon,BELFRY,P 6,006,P6 BELFRY ELEMENTARY SCHOOL,"200 WISCONSIN ST, BELFRY, MT 59008.0"
MT,county,Carbon,ROBERTS,P 7,007,P7 ROBERTS FIRE HALL,"5 SOUTH FIRST ST, ROBERTS, MT 59070.0"
MT,county,Carbon,Red Lodge ,P 8,008,P8 RED LODGE CIVIC CENTER,"215 14th Street West, Red Lodge , MT 59068.0"
MT,county,Carbon,Red Lodge ,P 9,009,P9 RED LODGE CIVIC CENTER,"215 14th Street West, Red Lodge , MT 59068.0"
MT,county,Carbon,Red Lodge ,P 10,010,P10 RED LODGE CIVIC CENTER,"215 14th Street West, Red Lodge , MT 59068.0"
MT,county,Carbon,Red Lodge ,P 11,011,P11 RED LODGE CIVIC CENTER,"215 14th Street West, Red Lodge , MT 59068.0"
MT,county,Carbon,FROMBERG,P 15,012,P15 FROMBERG SCHOOL,"319 SCHOOL ST, FROMBERG, MT 59029.0"
MT,county,Carbon,LUTHER,P 16,013,P16 LUTHER SCHOOL,"4 LUTHER/ROSCOE RD, LUTHER, MT 59068.0"
MT,county,Carter,ALZADA,PRECINCT #1 ALZADA,PREC_1,ALZADA COMMUNITY HALL,"142 OFALLON STREET, ALZADA, MT 59311.0"
MT,county,Carter,EKALAKA,PRECINCT #13 EKALAKA,PREC_13,CARTER COUNTY EVENT CENTER,"209 W. SPEELMON, EKALAKA, MT 59324.0"
MT,county,Carter,EKALAKA,PRECINCT #14 RURAL EKALAKA,PREC_14,CARTER COUNTY EVENT CENTER,"209 W. SPEELMON, EKALAKA, MT 59324.0"
MT,county,Carter,BOYES,PRECINCT #3 HAMMOND,PREC_3,BOYES COMMUNITY HALL,"10460 HWY212, BOYES, MT 59316.0"
MT,county,Cascade,VAUGHN,P19A1,P19A1,19A1 VAUGHN FIRE STATION,"14 4TH ST, VAUGHN, MT 59487.0"
MT,county,Cascade,FORT SHAW,P19A2,P19A2,19A2 SUN RIVER SENIOR CENTER,"13319 MT HWY 200, FORT SHAW, MT 59443.0"
MT,county,Cascade,ULM,P19A3,P19A3,19A3 ULM PUBLIC SCHOOL,"6 WEST ULM RD, ULM, MT 59485.0"
MT,county,Cascade,GREAT FALLS,P19A4,P19A4,19A4 EXHIBITION HALL/EXPO PARK,"400 3RD ST NW, GREAT FALLS, MT 59404.0"
MT,county,Cascade,SAND COULEE,P19B1,P19B1,19B1 CENTERVILLE PUBLIC SCHOOL,"693 STOCKETT RD, SAND COULEE, MT 59472.0"
MT,county,Cascade,CASCADE,P19B2,P19B2,19B2 CASCADE - WEDSWORTH HALL,"13 FRONT ST, CASCADE, MT 59421.0"
MT,county,Cascade,SAND COULEE,P19C,P19C,19C CENTERVILLE PUBLIC SCHOOL,"693 STOCKETT RD, SAND COULEE, MT 59472.0"
MT,county,Cascade,BELT,P19D,P19D,19D BELT SENIOR CENTER,"19 CASTNER ST, BELT, MT 59412.0"
MT,county,Cascade,GREAT FALLS,P19E,P19E,19E EXHIBITION HALL/EXPO PARK,"400 3RD ST NW, GREAT FALLS, MT 59404.0"
MT,county,Cascade,GREAT FALLS,P20A,P20A,20A EXHIBITION HALL/EXPO PARK,"400 3RD ST NW, GREAT FALLS, MT 59404.0"
MT,county,Cascade,GREAT FALLS,P20B,P20B,20B EXHIBITION HALL/EXPO PARK,"400 3RD ST NW, GREAT FALLS, MT 59404.0"
MT,county,Cascade,GREAT FALLS,P21A,P21A,21A EXHIBITION HALL/EXPO PARK,"400 3RD ST NW, GREAT FALLS, MT 59404.0"
MT,county,Cascade,GREAT FALLS,P21B,P21B,21B EXHIBITION HALL/EXPO PARK,"400 3RD ST NW, GREAT FALLS, MT 59404.0"
MT,county,Cascade,GREAT FALLS,P22A,P22A,22A EXHIBITION HALL/EXPO PARK,"400 3RD ST NW, GREAT FALLS, MT 59404.0"
MT,county,Cascade,GREAT FALLS,P22B.,P22B.,22B EXHIBITION HALL/EXPO PARK,"400 3RD ST NW, GREAT FALLS, MT 59404.0"
MT,county,Cascade,GREAT FALLS,P22C,P22C,22C EXHIBITION HALL/EXPO PARK,"400 3RD ST NW, GREAT FALLS, MT 59404.0"
MT,county,Cascade,GREAT FALLS,P23,P23,23 EXHIBITION HALL/EXPO PARK,"400 3RD ST NW, GREAT FALLS, MT 59404.0"
MT,county,Cascade,GREAT FALLS,P24,P24,24 EXHIBITION HALL/EXPO PARK,"400 3RD ST NW, GREAT FALLS, MT 59404.0"
MT,county,Cascade,GREAT FALLS,P25,P25,25 EXHIBITION HALL/EXPO PARK,"400 3RD ST NW, GREAT FALLS, MT 59404.0"
MT,county,Cascade,GREAT FALLS,P26A,P26A,26A EXHIBITION HALL/EXPO PARK,"400 3RD ST NW, GREAT FALLS, MT 59404.0"
MT,county,Cascade,GREAT FALLS,P26B,P26B,26B EXHIBITION HALL/EXPO PARK,"400 3RD ST NW, GREAT FALLS, MT 59404.0"
MT,county,Cascade,GREAT FALLS,P27,P27,27 EXHIBITION HALL/EXPO PARK,"400 3RD ST NW, GREAT FALLS, MT 59404.0"
MT,county,Cascade,BELT,P30,P30,30 BELT SENIOR CENTER,"19 CASTNER ST, BELT, MT 59412.0"
MT,county,Chouteau,FORT BENTON,FORT BENTON 1,PCT_01,FORT BENTON ELEMENTARY,"1406 FRANKLIN STREET, FORT BENTON, MT 59442.0"
MT,county,Chouteau,FORT BENTON,FORT BENTON 2,PCT_02,FORT BENTON ELEMENTARY,"1406 FRANKLIN STREET, FORT BENTON, MT 59442.0"
MT,county,Chouteau,GERALDINE,GERALDINE 3,PCT_03,GERALDINE SENIOR CITIZEN,"420 MAIN STREET, GERALDINE, MT 59446.0"
MT,county,Chouteau,CARTER,CARTER 4,PCT_04,CARTER COMMUNITY HALL,"175 2ND AVENUE, CARTER, MT 59420.0"
MT,county,Chouteau,BOX ELDER,ROCKY BOY 5,PCT_05,NEW STONE CHILD COLLEGE,"8294 UPPER BOX ELDER ROAD ROCKY BOY RESERVATION, BOX ELDER, MT 59521.0"
MT,county,Chouteau,HIGHWOOD,HIGHWOOD 6,PCT_06,HIGHWOOD COMMUNITY HALL,"152 MAIN STREET SOUTH, HIGHWOOD, MT 59450.0"
MT,county,Chouteau,LOMA,LOMA 7,PCT_07,LOMA COMMUNITY HALL,"207 3RD AVENUE, LOMA, MT 59460.0"
MT,county,Chouteau,BIG SANDY,BIG SANDY 8,PCT_08,BIG SANDY TOWN HALL,"115 JOHANNES AVENUE, BIG SANDY, MT 59520.0"
MT,county,Chouteau,BIG SANDY,BIG SANDY 9,PCT_09,BIG SANDY TOWN HALL,"115 JOHANNES AVENUE, BIG SANDY, MT 59520.0"
MT,county,Custer,MILES CITY,KIRCHER,5-37,KIRCHER CREEK SCH,"331 KIRCHER CREEK ROAD, MILES CITY, MT 59301.0"
MT,county,Custer,MILES CITY,NAT'L GUARD,6-37,MILES COMMUNITY COLLEGE-6,"2715 DICKINSON STREET, MILES CITY, MT 59301.0"
MT,county,Custer,KINSEY,KINSEY,7-37,KINSEY SCH,"7 MASTIN ROAD, KINSEY, MT 59338.0"
MT,county,Custer,POWDERVILLE,SPRING CREEK SCH,11-37,SPRING CREEK SCHOOL,"12 KRUTZFELDT ROAD 561, POWDERVILLE, MT 59345.0"
MT,county,Custer,MILES CITY,RIVERVIEW SCHOOL,12-37,RIVERVW SCH,"1734 RD 506, MILES CITY, MT 59301.0"
MT,county,Custer,MILES CITY,WASHINGTON SCH,1-38,MILES COMMUNITY COLLEGE-1,"2715 DICKINSON STREET, MILES CITY, MT 59301.0"
MT,county,Custer,MILES CITY,CCDHS,2-38,MILES COMMUNITY COLLEGE-2,"2715 DICKINSON STREET, MILES CITY, MT 59301.0"
MT,county,Custer,MILES CITY,HIGHLAND PARK SCH,3-38,MILES COMMUNITY COLLEGE-3,"2715 DICKINSON STREET, MILES CITY, MT 59301.0"
MT,county,Custer,MILES CITY,JEFFERSON SCH,4-38,MILES COMMUNITY COLLEGE-4,"2715 DICKINSON STREET, MILES CITY, MT 59301.0"
MT,county,Custer,MILES CITY,SHEFFIELD MOON,8-39,MILES COMMUNITY COLLEGE-8,"2715 DICKINSON STREET, MILES CITY, MT 59301.0"
MT,county,Custer,MILES CITY,S-H SCHOOL,9-39,S-H SCHOOL,"6281 MOON CREEK ROAD, MILES CITY, MT 59301.0"
MT,county,Custer,MILES CITY,SY SCHOOL,10-39,S-Y SCH,"1 ASH CREEK ROAD 665, MILES CITY, MT 59301.0"
MT,county,Custer,ISMAY,KNOWLTON SCH,13-37,KNOWLTON  SCHOOL,"1533 HORSE CREEK ROAD 403, ISMAY, MT 59336.0"
MT,county,Custer,ISMAY,ISMAY CHURCH,14-37,ISMAY COMMUNITY CHURCH,"ISMAY, ISMAY, MT 59336.0"
MT,county,Daniels,FLAXVILLE,PRECINCT #2,PREC_02,THE BARN,"108 MAIN ST, FLAXVILLE, MT 59222.0"
MT,county,Daniels,SCOBEY,PRECINCT #3,PREC_03,SCOBEY HIGH SCHOOL,"205 2ND AVE E, SCOBEY, MT 59263.0"
MT,county,Daniels,SCOBEY,PRECINCT #5,PREC_05,SENIOR CITIZENS CENTER,"201 MAIN STREET, SCOBEY, MT 59263.0"
MT,county,Daniels,SCOBEY,PRECINCT #6,PREC_06,COUNTY LIBRARY,"203 TIMMONS ST., SCOBEY, MT 59263.0"
MT,county,Dawson,GLENDIVE,PRECINCT 01,PREC_1,11-EPEC CENTER,"313 S MERRILL AVE, GLENDIVE, MT 59330.0"
MT,county,Dawson,GLENDIVE,PRECINCT 02,PREC_2,11-EPEC CENTER,"313 S MERRILL AVE, GLENDIVE, MT 59330.0"
MT,county,Dawson,GLENDIVE,PRECINCT 03,PREC_3,11-EPEC CENTER,"313 S MERRILL AVE, GLENDIVE, MT 59330.0"
MT,county,Dawson,GLENDIVE,PRECINCT 04,PREC_4,11-EPEC CENTER,"313 S MERRILL AVE, GLENDIVE, MT 59330.0"
MT,county,Dawson,RICHEY,PRECINCT 05,PREC_5,RICHEY SENIOR CITIZEN CENTER - 5,"223 S MAIN ST, RICHEY, MT 59259.0"
MT,county,Dawson,GLENDIVE,PRECINCT 06,PREC_6,11-EPEC CENTER,"313 S MERRILL AVE, GLENDIVE, MT 59330.0"
MT,county,Dawson,GLENDIVE,PRECINCT 07,PREC_7,11-EPEC CENTER,"313 S MERRILL AVE, GLENDIVE, MT 59330.0"
MT,county,Deer Lodge,ANACONDA,PRECINCT 1-77E,PC_177E,AHS TECHNOLOGY CENTER,"1410 W PARK AVE, ANACONDA, MT 59711.0"
MT,county,Deer Lodge,ANACONDA,PRECINCT 1-77W,PC_177W,AHS TECHNOLOGY CENTER,"1410 W PARK AVE, ANACONDA, MT 59711.0"
MT,county,Deer Lodge,ANACONDA,PRECINCT 1-78,PC_178,AHS TECHNOLOGY CENTER,"1410 W PARK AVE, ANACONDA, MT 59711.0"
MT,county,Deer Lodge,ANACONDA,PRECINCT 2-77E,PC_277E,FRED MOODRY MIDDLE SCHOOL 4,"219 EAST THIRD, ANACONDA, MT 59711.0"
MT,county,Deer Lodge,ANACONDA,PRECINCT 2-77W,PC_277W,FRED MOODRY MIDDLE SCHOOL 4,"219 EAST THIRD, ANACONDA, MT 59711.0"
MT,county,Deer Lodge,ANACONDA,PRECINCT 2-78,PC_278,FRED MOODRY MIDDLE SCHOOL 4,"219 EAST THIRD, ANACONDA, MT 59711.0"
MT,county,Deer Lodge,ANACONDA,PRECINCT 3-77E,PC_377E,FRED MOODRY MIDDLE SCHOOL 4,"219 EAST THIRD, ANACONDA, MT 59711.0"
MT,county,Deer Lodge,ANACONDA,PRECINCT 3-77W,PC_377W,FRED MOODRY MIDDLE SCHOOL 4,"219 EAST THIRD, ANACONDA, MT 59711.0"
MT,county,Deer Lodge,ANACONDA,PRECINCT 3-78,PC_378,FRED MOODRY MIDDLE SCHOOL 4,"219 EAST THIRD, ANACONDA, MT 59711.0"
MT,county,Deer Lodge,OPPORTUNITY,PRECINCT 4-77,PC_477,OPPORTUNITY COMMUNITY CLUB,"909 STEWART STREET, OPPORTUNITY, MT 59711.0"
MT,county,Deer Lodge,OPPORTUNITY,PRECINCT 4-78E,PC_478E,OPPORTUNITY COMMUNITY CLUB,"909 STEWART STREET, OPPORTUNITY, MT 59711.0"
MT,county,Deer Lodge,OPPORTUNITY,PRECINCT 4-78W,PC_478W,OPPORTUNITY COMMUNITY CLUB,"909 STEWART STREET, OPPORTUNITY, MT 59711.0"
MT,county,Deer Lodge,ANACONDA,PRECINCT 5-77N,PC_577N,AHS TECHNOLOGY CENTER,"1410 W PARK AVE, ANACONDA, MT 59711.0"
MT,county,Deer Lodge,ANACONDA,PRECINCT 5-77S,PC_577S,AHS TECHNOLOGY CENTER,"1410 W PARK AVE, ANACONDA, MT 59711.0"
MT,county,Fallon,BAKER,PRECINCT 1,PREC_1,THE FAIRGROUNDS  EXHIBIT HALL,"3440 HIGHWAY 7, BAKER, MT 59313.0"
MT,county,Fergus,LEWISTOWN,PREC 10,PREC_10,TRADE CENTER #10,"100 FAIRGROUNDS RD, LEWISTOWN, MT 59457.0"
MT,county,Fergus,LEWISTOWN,PREC 11,PREC_11,TRADE CENTER #11,"100 FAIRGROUNDS RD, LEWISTOWN, MT 59457.0"
MT,county,Fergus,LEWISTOWN,PREC 12,PREC_12,TRADE CENTER #12,"100 FAIRGROUNDS RD, LEWISTOWN, MT 59457.0"
MT,county,Fergus,LEWISTOWN,PREC 13,PREC_13,TRADE CENTER #13,"100 FAIRGROUNDS RD, LEWISTOWN, MT 59457.0"
MT,county,Fergus,MOORE,PREC 14,PREC_14,MOORE FIRE HALL #14,"302 FERGUS AVE, MOORE, MT 59464.0"
MT,county,Fergus,WINIFRED,PREC 16,PREC_16,WINIFRED COMMUNITY CENTER #16,"200 MAIN ST, WINIFRED, MT 59489.0"
MT,county,Fergus,LEWISTOWN,PREC 17,PREC_17,TRADE CENTER #17,"100 FAIRGROUNDS RD, LEWISTOWN, MT 59457.0"
MT,county,Fergus,ROY,PREC 18,PREC_18,ROY SCHOOL #18,"500 DAVIS ST, ROY, MT 59471.0"
MT,county,Fergus,LEWISTOWN,PREC 2,PREC_2,TRADE CENTER #02,"100 FAIRGROUNDS RD, LEWISTOWN, MT 59457.0"
MT,county,Fergus,LEWISTOWN,PREC 3,PREC_3,TRADE CENTER #03,"100 FAIRGROUNDS RD, LEWISTOWN, MT 59457.0"
MT,county,Fergus,DENTON,PREC 4,PREC_4,DENTON TOWN HALL #4,"515 BROADWAY ST, DENTON, MT 59430.0"
MT,county,Fergus,GRASS RANGE,PREC 5,PREC_5,GRASS RANGE SCHOOL #5,"310 E 2ND ST, GRASS RANGE, MT 59032.0"
MT,county,Fergus,LEWISTOWN,PREC 6,PREC_6,TRADE CENTER #06,"100 FAIRGROUNDS RD, LEWISTOWN, MT 59457.0"
MT,county,Fergus,LEWISTOWN,PREC 7,PREC_7,TRADE CENTER #07,"100 FAIRGROUNDS RD, LEWISTOWN, MT 59457.0"
MT,county,Fergus,LEWISTOWN,PREC 8,PREC_8,TRADE CENTER #08,"100 FAIRGROUNDS RD, LEWISTOWN, MT 59457.0"
MT,county,Fergus,LEWISTOWN,PREC 9,PREC_9,TRADE CENTER #09,"100 FAIRGROUNDS RD, LEWISTOWN, MT 59457.0"
MT,county,Flathead,KALISPELL,PRECINCT 1,PREC 01,FC TRADE CENTER - FAIRGROUNDS,"265 N MERIDIAN, KALISPELL, MT 59901.0"
MT,county,Flathead,KALISPELL,PRECINCT 2,PREC 02,FC TRADE CENTER - FAIRGROUNDS,"265 N MERIDIAN, KALISPELL, MT 59901.0"
MT,county,Flathead,KALISPELL,PRECINCT 3,PREC 03,FC TRADE CENTER - FAIRGROUNDS,"265 N MERIDIAN, KALISPELL, MT 59901.0"
MT,county,Flathead,KALISPELL,PRECINCT 4,PREC 04,FC TRADE CENTER - FAIRGROUNDS,"265 N MERIDIAN, KALISPELL, MT 59901.0"
MT,county,Flathead,KALISPELL,PRECINCT 5,PREC 05,FC TRADE CENTER - FAIRGROUNDS,"265 N MERIDIAN, KALISPELL, MT 59901.0"
MT,county,Flathead,KALISPELL,PRECINCT 6,PREC 06,FC TRADE CENTER - FAIRGROUNDS,"265 N MERIDIAN, KALISPELL, MT 59901.0"
MT,county,Flathead,KALISPELL,PRECINCT 7,PREC 07,HOPE CHURCH,"436 BIRCH GROVE, KALISPELL, MT 59901.0"
MT,county,Flathead,COLUMBIA FALLS,PRECINCT 8,PREC 08,DEER PARK SCHOOL,"2105 MIDDLE RD, COLUMBIA FALLS, MT 59912.0"
MT,county,Flathead,KALISPELL,PRECINCT 11,PREC 11,CAYUSE PRAIRIE SCHOOL,"897 LAKE BLAINE RD, KALISPELL, MT 59901.0"
MT,county,Flathead,LAKESIDE,PRECINCT 13,PREC 13,LAKESIDE QRU,"201 BILLS RD, LAKESIDE, MT 59922.0"
MT,county,Flathead,COLUMBIA FALLS,PRECINCT 14,PREC 14,BAD ROCK FIRE HALL,"23 COLUMBIA PINES CT, COLUMBIA FALLS, MT 59912.0"
MT,county,Flathead,KALISPELL,PRECINCT 15,PREC 15,SMITH VALLEY FIRE HALL,"3496 US HIGHWAY 2 W, KALISPELL, MT 59901.0"
MT,county,Flathead,COLUMBIA FALLS,PRECINCT 16,PREC 16,"COUNCIL CHAMBERS, CF CITY HALL","130 6TH ST W ROOM A, COLUMBIA FALLS, MT 59912.0"
MT,county,Flathead,MARTIN CITY,PRECINCT 17,PREC 17,MARTIN CITY FIRE-LIETZ HALL,"320 CENTRAL AVE, MARTIN CITY, MT 59926.0"
MT,county,Flathead,COLUMBIA FALLS,PRECINCT 18,PREC 18,FIRE DEPARTMENT RM COLUMBIA  FALLS FIRE HALL,"624 1ST AVE W, COLUMBIA FALLS, MT 59912.0"
MT,county,Flathead,KALISPELL,PRECINCT 19,PREC 19,HOPE CHURCH,"436 BIRCH GROVE, KALISPELL, MT 59901.0"
MT,county,Flathead,WHITEFISH,PRECINCT 20,PREC 20,WF SENIOR CITIZENS CNTR,"121 E 2ND ST, WHITEFISH, MT 59937.0"
MT,county,Flathead,COLUMBIA FALLS,PRECINCT 21,PREC 21,CF HIGH SCHOOL FOYER,"610 13TH ST W, COLUMBIA FALLS, MT 59912.0"
MT,county,Flathead,MARTIN CITY,PRECINCT 23,PREC 23,MARTIN CITY FIRE-LIETZ HALL,"320 CENTRAL AVE, MARTIN CITY, MT 59926.0"
MT,county,Flathead,KILA,PRECINCT 24,PREC 24,KILA COUNTRY CHURCH,"KILA - 190 COTTAGE LN, KILA, MT 59920.0"
MT,county,Flathead,KALISPELL,PRECINCT 25,PREC 25,FC TRADE CENTER - FAIRGROUNDS,"265 N MERIDIAN, KALISPELL, MT 59901.0"
MT,county,Flathead,MARION,PRECINCT 26,PREC 26,MARION FIRE HALL,"180 GOPHER LN, MARION, MT 59925.0"
MT,county,Flathead,SOMERS,PRECINCT 29,PREC 29,SOMERS SCHOOL GYM,"315 SCHOOL ADDITION RD, SOMERS, MT 59932.0"
MT,county,Flathead,KALISPELL,PRECINCT 31,PREC 31,FC TRADE CENTER - FAIRGROUNDS,"265 N MERIDIAN, KALISPELL, MT 59901.0"
MT,county,Flathead,KALISPELL,PRECINCT 32,PREC 32,FC TRADE CENTER - FAIRGROUNDS,"265 N MERIDIAN, KALISPELL, MT 59901.0"
MT,county,Flathead,KALISPELL,PRECINCT 33,PREC 33,FC TRADE CENTER - FAIRGROUNDS,"265 N MERIDIAN, KALISPELL, MT 59901.0"
MT,county,Flathead,SOMERS,PRECINCT 34,PREC 34,SOMERS SCHOOL GYM,"315 SCHOOL ADDITION RD, SOMERS, MT 59932.0"
MT,county,Flathead,COLUMBIA FALLS,PRECINCT 35,PREC 35,CF HIGH SCHOOL FOYER,"610 13TH ST W, COLUMBIA FALLS, MT 59912.0"
MT,county,Flathead,KALISPELL,PRECINCT 36,PREC 36,WEST VALLEY SCHOOL,"2290 FARM TO MARKET RD, KALISPELL, MT 59901.0"
MT,county,Flathead,KALISPELL,PRECINCT 37,PREC 37,FC TRADE CENTER - FAIRGROUNDS,"265 N MERIDIAN, KALISPELL, MT 59901.0"
MT,county,Flathead,BIGFORK,PRECINCT 38,PREC 38,BETHANY LUTHERAN CHURCH,"8559 MT HWY 35, BIGFORK, MT 59911.0"
MT,county,Flathead,OLNEY,PRECINCT 39,PREC 39,OLNEY FIRE HALL,"11 OLNEY LOOP RD, OLNEY, MT 59927.0"
MT,county,Flathead,KALISPELL,PRECINCT 41,PREC 41,FC TRADE CENTER - FAIRGROUNDS,"265 N MERIDIAN, KALISPELL, MT 59901.0"
MT,county,Flathead,BIGFORK,PRECINCT 42,PREC 42,SWAN RIVER SCHOOL,"1205 SWAN HWY, BIGFORK, MT 59911.0"
MT,county,Flathead,KALISPELL,PRECINCT 43,PREC 43,FAIR-MONT-EGAN SCHOOL,"797 FAIRMONT RD, KALISPELL, MT 59901.0"
MT,county,Flathead,WHITEFISH,PRECINCT 44,PREC 44,"FIRST BAPTIST CHURCH, WHITEFISH","6232 US HIGHWAY 93 S, WHITEFISH, MT 59937.0"
MT,county,Flathead,WHITEFISH,PRECINCT 45,PREC 45,"MOOSE HOME, WHITEFISH","230 W 10TH ST, WHITEFISH, MT 59937.0"
MT,county,Flathead,WHITEFISH,PRECINCT 47,PREC 47,WF SENIOR CITIZENS CNTR,"121 E 2ND ST, WHITEFISH, MT 59937.0"
MT,county,Flathead,WHITEFISH,PRECINCT 48,PREC 48,WF ARMORY,"305 ARMORY RD, WHITEFISH, MT 59937.0"
MT,county,Flathead,WHITEFISH,PRECINCT 49,PREC 49,UNITED METHODIST CHURCH,"1150 WISCONSIN AVE, WHITEFISH, MT 59937.0"
MT,county,Flathead,KALISPELL,PRECINCT 50,PREC 50,FC TRADE CENTER - FAIRGROUNDS,"265 N MERIDIAN, KALISPELL, MT 59901.0"
MT,county,Flathead,KALISPELL,PRECINCT 89,PREC 89,SMITH VALLEY FIRE HALL,"3496 US HIGHWAY 2 W, KALISPELL, MT 59901.0"
MT,county,Gallatin,BOZEMAN,PCT 59A,59A,BRIDGER CANYON FIRE STATION,"8081 BRIDGER CANYON RD, BOZEMAN, MT 59715.0"
MT,county,Gallatin,BOZEMAN,PCT 61A,61A,FAIRGROUNDS BLDG 1,"TAMARACK &  N BLACK, BOZEMAN, MT 59715.0"
MT,county,Gallatin,BOZEMAN,PCT 61B,61B,FAIRGROUNDS BLDG 1,"TAMARACK &  N BLACK, BOZEMAN, MT 59715.0"
MT,county,Gallatin,BOZEMAN,PCT 61C,61C,FAIRGROUNDS BLDG 1,"TAMARACK &  N BLACK, BOZEMAN, MT 59715.0"
MT,county,Gallatin,BOZEMAN,PCT 61D,61D,HOPE LUTHERAN CHURCH,"2152 W. GRAF, BOZEMAN, MT 59718.0"
MT,county,Gallatin,BOZEMAN,PCT 62A,62A,HOPE LUTHERAN CHURCH,"2152 W. GRAF, BOZEMAN, MT 59718.0"
MT,county,Gallatin,BOZEMAN,PCT 62B,62B,HOPE LUTHERAN CHURCH,"2152 W. GRAF, BOZEMAN, MT 59718.0"
MT,county,Gallatin,BOZEMAN,PCT 62C,62C,HOPE LUTHERAN CHURCH,"2152 W. GRAF, BOZEMAN, MT 59718.0"
MT,county,Gallatin,BOZEMAN,PCT 62D,62D,HOPE LUTHERAN CHURCH,"2152 W. GRAF, BOZEMAN, MT 59718.0"
MT,county,Gallatin,BOZEMAN,PCT 63A,63A,HOPE LUTHERAN CHURCH,"2152 W. GRAF, BOZEMAN, MT 59718.0"
MT,county,Gallatin,BOZEMAN,PCT 63B,63B,MSU SHROYER GYM,"MSU CAMPUS 11TH AND GRANT, BOZEMAN, MT 59715.0"
MT,county,Gallatin,BOZEMAN,PCT 63C,63C,HOPE LUTHERAN CHURCH,"2152 W GRAF, BOZEMAN, MT 59718.0"
MT,county,Gallatin,WEST YELLOWSTONE,PCT 64A,64A,POVAH CENTER,"10 GEYSER ST, WEST YELLOWSTONE, MT 59758.0"
MT,county,Gallatin,BIG SKY,PCT 64B,64B,BIG SKY WATER/SEWER OFFICE,"561 LITTLE COYOTE RD, BIG SKY, MT 59716.0"
MT,county,Gallatin,GALLATIN GATEWAY,PCT 64C,64C,GALLATIN GATEWAY COMM CTR,"145 MILL ST, GALLATIN GATEWAY, MT 59730.0"
MT,county,Gallatin,BOZEMAN,PCT 64D,64D,FAIRGROUNDS BLDG 2,"TAMARACK &  N BLACK, BOZEMAN, MT 59715.0"
MT,county,Gallatin,BOZEMAN,PCT 65A,65A,FAIRGROUNDS BLDG 2,"TAMARACK &  N BLACK, BOZEMAN, MT 59715.0"
MT,county,Gallatin,BOZEMAN,PCT 65B,65B,FAIRGROUNDS BLDG 2,"TAMARACK &  N BLACK, BOZEMAN, MT 59715.0"
MT,county,Gallatin,BOZEMAN,PCT 65C,65C,FAIRGROUNDS BLDG 2,"TAMARACK &  N BLACK, BOZEMAN, MT 59715.0"
MT,county,Gallatin,BOZEMAN,PCT 66A,66A,FAIRGROUNDS BLDG 1,"TAMARACK &  N BLACK, BOZEMAN, MT 59715.0"
MT,county,Gallatin,BOZEMAN,PCT 66B,66B,FAIRGROUNDS BLDG 1,"TAMARACK &  N BLACK, BOZEMAN, MT 59715.0"
MT,county,Gallatin,BOZEMAN,PCT 66C,66C,FAIRGROUNDS BLDG 1,"TAMARACK &  N BLACK, BOZEMAN, MT 59715.0"
MT,county,Gallatin,BOZEMAN,PCT 67A,67A,FAIRGROUNDS BLDG 3,"TAMARACK &  N BLACK, BOZEMAN, MT 59715.0"
MT,county,Gallatin,BELGRADE,PCT 67B,67B,BELGRADE SPECL EVENTS CNTR,"220 SPOONER RD, BELGRADE, MT 59714.0"
MT,county,Gallatin,BELGRADE,PCT 67C,67C,BELGRADE SPECL EVENTS CNTR,"220 SPOONER RD, BELGRADE, MT 59714.0"
MT,county,Gallatin,BELGRADE,PCT 68A,68A,RIVER ROCK COMM CTR,"101 RIVER ROCK RD, BELGRADE, MT 59714.0"
MT,county,Gallatin,BELGRADE,PCT 68B,68B,RIVER ROCK COMM CTR,"101 RIVER ROCK RD, BELGRADE, MT 59714.0"
MT,county,Gallatin,BELGRADE,PCT 68C,68C,BELGRADE SPECL EVENTS CNTR,"220 SPOONER RD, BELGRADE, MT 59714.0"
MT,county,Gallatin,THREE FORKS,PCT 69A,69A,THREE FORKS HIGH SCHOOL,"212 E NEAL ST, THREE FORKS, MT 59752.0"
MT,county,Gallatin,MANHATTAN,PCT 69B,69B,MANHATTAN CHRISTIAN SCHOOL,"8000 CHURCHILL RD, MANHATTAN, MT 59741.0"
MT,county,Gallatin,MANHATTAN,PCT 69C,69C,MANHATTAN HIGH SCHL,"200 W FULTON AVE, MANHATTAN, MT 59741.0"
MT,county,Gallatin,BOZEMAN,PCT 69D,69D,FAIRGROUNDS BLDG 3,"TAMARACK & BLACK, BOZEMAN, MT 59715.0"
MT,county,Garfield,JORDON,PRECINCT 01,PREC_01,COURT HOUSE,"352 LEAVITT AVE, JORDON, MT 59337.0"
MT,county,Garfield,COHAGEN,PRECINCT 07,PREC_07,COHAGEN - COMMUNITY HALL,"19 3RD STREET E, COHAGEN, MT 59322.0"
MT,county,Garfield,SAND SPRINGS,PRECINCT 14,PREC_14,SANDSPRINGS SCHOOL,"3194 HIGHWAY 200 W, SAND SPRINGS, MT 59077.0"
MT,county,Garfield,BRUSETT,PRECINCT 19,PREC_19,BRUSETT - COMMUNITY HALL,"2071 EDWARDS ROAD, BRUSETT, MT 59318.0"
MT,county,Glacier,CUT BANK,PCT 01,PCT 01,CB VOTING CENTER 01,"913 E. RAILROAD, CUT BANK, MT 59427.0"
MT,county,Glacier,CUT BANK,PCT 02,PCT 02,CB VOTING CENTER 02,"913 E. RAILROAD, CUT BANK, MT 59427.0"
MT,county,Glacier,CUT BANK,PCT 03,PCT 03,CB VOTING CENTER 03,"913 E. RAILROAD, CUT BANK, MT 59427.0"
MT,county,Glacier,CUT BANK,PCT 04,PCT 04,CB VOTING CENTER 04,"913 E. RAILROAD, CUT BANK, MT 59427.0"
MT,county,Glacier,CUT BANK,PCT 05,PCT 05,GEWAREHOUSE 05,"48 SANTA RITA HIGHWAY, CUT BANK, MT 59427.0"
MT,county,Glacier,CUT BANK,PCT 06,PCT 06,CB COURTHOUSE,"512 E MAIN ST, CUT BANK, MT 59427.0"
MT,county,Glacier,BROWNING,PCT 07,PCT 07,CCD CENTER 07,"De LaSalle School 104 1ST ST NW, BROWNING, MT 59417.0"
MT,county,Glacier,BROWNING,PCT 08,PCT 08,CCD CENTER 08,"De LaSalle School 104 1ST ST NW, BROWNING, MT 59417.0"
MT,county,Glacier,BROWNING,PCT 09,PCT 09,CCD CENTER 09,"De LaSalle School 104 1ST ST NW, BROWNING, MT 59417.0"
MT,county,Glacier,EAST GLACIER,PCT 10,PCT 10,EGP WOMENS CLUB 10,"EAST GLACIER, EAST GLACIER, MT 59434.0"
MT,county,Glacier,BLACKFOOT,PCT 11,PCT 11,DOLORES SALOIS RESIDENCE 11,"BLACKFOOT, BLACKFOOT, MT 59417.0"
MT,county,Glacier,BROWNING,PCT 12,PCT 12,CCD CENTER 12,"De LaSalle School 104 1ST ST NW, BROWNING, MT 59417.0"
MT,county,Glacier,BROWNING,PCT 13,PCT 13,CCD CENTER 13,"De LaSalle School 104 1ST ST NW, BROWNING, MT 59417.0"
MT,county,Glacier,BABB,PCT 15,PCT 15,BABB SCHOOL 15,"BABB, BABB, MT 59411.0"
MT,county,Glacier,BROWNING,PCT 19,PCT 19,CCD CENTER 19,"De LaSalle School 104 1ST ST NW, BROWNING, MT 59417.0"
MT,county,Glacier,BROWNING,PCT 21C,PCT 21C,CCD CENTER 21,"De LaSalle School 104 1ST ST NW, BROWNING, MT 59417.0"
MT,county,Golden Valley,LAVINA,LAVINA,LAVINA,LAVINA SENIOR CENTER,"117 MAIN STREET, LAVINA, MT 59046.0"
MT,county,Golden Valley,RYEGATE,RYEGATE,RYEGATE,RYEGATE COURT HOUSE,"107 KEMP, RYEGATE, MT 59074.0"
MT,county,Granite,PHILIPSBURG,PRECINCT #1,PREC_1,GRANITE COUNTY MUSEUM,"135 SOUTH SANSOME, PHILIPSBURG, MT 59858.0"
MT,county,Granite,DRUMMOND,PRECINCT #10,PREC_10,DRUMMOND COMMUNITY HALL,"54 EAST BROAD STREET, DRUMMOND, MT 59832.0"
MT,county,Granite,PHILIPSBURG,PRECINCT #2,PREC_2,GRANITE COUNTY MUSEUM,"135 SOUTH SANSOME, PHILIPSBURG, MT 59858.0"
MT,county,Granite,HALL,PRECINCT #9,PREC_9,HALL SCHOOL,"8 FARM TO MARKET ROAD, HALL, MT 59837.0"
MT,county,Hill,HAVRE,PRECINCT #01,PREC_01,HAVRE HIGH SCHOOL GYM - 01,"900 18TH ST, HAVRE, MT 59501.0"
MT,county,Hill,HAVRE,PRECINCT #02,PREC_02,ST JUDE'S PARISH CENTER - 02,"440 7TH AVE, HAVRE, MT 59501.0"
MT,county,Hill,HAVRE,PRECINCT #03,PREC_03,HAVRE MIDDLE SCHOOL GYM-03,"1441 11TH ST W, HAVRE, MT 59501.0"
MT,county,Hill,HAVRE,PRECINCT #07,PREC_07,HAVRE HIGH SCHOOL GYM - 07,"900 18TH ST, HAVRE, MT 59501.0"
MT,county,Hill,HAVRE,PRECINCT #08,PREC_08,HAVRE HIGH SCHOOL GYM - 08,"900 18TH ST, HAVRE, MT 59501.0"
MT,county,Hill,HAVRE,PRECINCT #09,PREC_09,HAVRE HIGH SCHOOL GYM - 09,"900 18TH ST, HAVRE, MT 59501.0"
MT,county,Hill,HAVRE,PRECINCT #10,PREC_10,ST JUDE'S PARISH CENTER - 10,"440 7TH AVE, HAVRE, MT 59501.0"
MT,county,Hill,HAVRE,PRECINCT #13,PREC_13,HAVRE MIDDLE SCHOOL GYM - 13,"1441 11TH ST W, HAVRE, MT 59501.0"
MT,county,Hill,HAVRE,PRECINCT #14,PREC_14,ST JUDES PARISH CENTER - 14,"440 7TH AVE, HAVRE, MT 59501.0"
MT,county,Hill,HAVRE,PRECINCT #15,PREC_15,HAVRE MIDDLE SCHOOL - 15,"1441 11TH STREET WEST, HAVRE, MT 59501.0"
MT,county,Hill,HAVRE,PRECINCT #16,PREC_16,HAVRE MIDDLE SCHOOL -16,"1441 11TH STREET WEST, HAVRE, MT 59501.0"
MT,county,Hill,BOX ELDER,PRECINCT #18,PREC_18,BOX ELDER SCHOOL REAR ENT - 18,"205 MAIN STREET, BOX ELDER, MT 59521.0"
MT,county,Hill,HINGHAM,PRECINCT #20,PREC_20,HI-LINE COMM CNT -20,"502 5TH STREET, HINGHAM, MT 59528.0"
MT,county,Hill,HINGHAM,PRECINCT #21,PREC_21,HI-LINE COMM CNT- 21,"502 5TH STREET, HINGHAM, MT 59528.0"
MT,county,Hill,HINGHAM,PRECINCT #22,PREC_22,HI-LINE COMM CNT- 22,"502 5TH STREET, HINGHAM, MT 59528.0"
MT,county,Hill,HAVRE,PRECINCT #25,PREC_25,ST JUDE'S PARISH CENTER - 25,"440 7TH AVE, HAVRE, MT 59501.0"
MT,county,Hill,ROCKY BOY,PRECINCT #28,PREC_28,CHIPPEWA CREE WELLNESS CENTER-28,"646 CLINIC ROAD EAST, ROCKY BOY, MT 59521.0"
MT,county,Jefferson,WHITEHALL,01-71,PREC.01,COMMUNITY HALL - WHITEHALL,"9 N. DIVISION, WHITEHALL, MT 59759.0"
MT,county,Jefferson,WHITEHALL,02-75,PREC.02,COMMUNITY HALL - WHITEHALL,"9 N. DIVISION, WHITEHALL, MT 59759.0"
MT,county,Jefferson,ELK PARK,03-75,PREC.03,ELK PARK FIRE HALL,"309 EAST ELK PARK RD, ELK PARK, MT 59701.0"
MT,county,Jefferson,BOULDER,04-75,PREC.04,Clerk and Recorder Building,"102 S. MONROE ST., BOULDER, MT 59632.0"
MT,county,Jefferson,BASIN,05-75,PREC.05,BASIN SCHOOL,"30 N. QUARTZ ST., BASIN, MT 59631.0"
MT,county,Jefferson,JEFFERSON CITY,06-75,PREC.06,JEFFERSON CITY COMMUNITY HALL,"21 SPRING ST, JEFFERSON CITY, MT 59638.0"
MT,county,Jefferson,CLANCY,07-75,PREC.07,CLANCY MUSEUM,"9 NORTH MAIN ST, CLANCY, MT 59634.0"
MT,county,Jefferson,CLANCY,08-75,PREC.08,CLANCY MUSEUM,"9 NORTH MAIN ST, CLANCY, MT 59634.0"
MT,county,Jefferson,MT. CITY,09-75,PREC.09,MONTANA CITY FIRE STATION,"1192 HWY 282, MT. CITY, MT 59634.0"
MT,county,Jefferson,MT. CITY,10-75,PREC.10,MONTANA CITY FIRE STATION,"1192 HWY 282, MT. CITY, MT 59634.0"
MT,county,Judith Basin,RAYNESFORD,PRECINCT 1,PREC_1,RAYNESFORD SCHOOL,"104 2ND AVENUE EAST, RAYNESFORD, MT 59469.0"
MT,county,Judith Basin,GEYSER,PRECINCT 2,PREC_2,GEYSER SR. CITIZENS,"105 EAST RAILROAD AVENUE, GEYSER, MT 59447.0"
MT,county,Judith Basin,STANFORD,PRECINCT 3,PREC_3,STANFORD CITY HALL,"102 CENTRAL AVENUE, STANFORD, MT 59479.0"
MT,county,Judith Basin,HOBSON,PRECINCT 4,PREC_4,HOBSON SR. CITIZENS,"102 2ND STREET WEST, HOBSON, MT 59452.0"
MT,county,Lake,ARLEE,ARL 1 HD93,ARL 1,ARLEE SENIOR CENTER,"34532 WESSINGER ST, ARLEE, MT 59821.0"
MT,county,Lake,BIGFORK,BEA 1 HD10,BEA 1,BEAR DANCE CLUB HOUSE,"19269 MT HWY 35, BIGFORK, MT 59911.0"
MT,county,Lake,BIGFORK,BEA 2 HD12,BEA 2,BEAR DANCE CLUB HOUSE,"19269 MT HWY 35, BIGFORK, MT 59911.0"
MT,county,Lake,CHARLO,CHA 1 HD93,CHA 1,CHARLO SCHOOL GYM,"53159 1ST AVE W, CHARLO, MT 59824.0"
MT,county,Lake,DAYTON,DAY 1 HD12,DAY 1,DAYTON CHURCH,"43578 B ST, DAYTON, MT 59914.0"
MT,county,Lake,BIGFORK,FER 1 HD10,FER 1,FERNDALE CLUB HOUSE,"31857 S FERNDALE DR, BIGFORK, MT 59911.0"
MT,county,Lake,PABLO,PAB 1_HD93,PAB 1,PABLO CHRISTIAN CHURCH,"35890 CLAIRMONT RD, PABLO, MT 59855.0"
MT,county,Lake,PABLO,PAB 2_HD15,PAB 2,PABLO CHRISTIAN CHURCH,"35890 CLAIRMONT RD, PABLO, MT 59855.0"
MT,county,Lake,POLSON,POL 1 HD12,POL 1,POLSON MIDDLE SCHOOL GYMNAS,"1602 2ND ST W, POLSON, MT 59860.0"
MT,county,Lake,ELMO,POL 1 Split 07E,POL 1,KOOTENAI COMMUNITY HALL,"47020 CEMETERY RD, ELMO, MT 59915.0"
MT,county,Lake,POLSON,POL 2 HD12,POL 2,POLSON MIDDLE SCHOOL GYMNAS,"1602 2ND ST W, POLSON, MT 59860.0"
MT,county,Lake,POLSON,POL 3 HD12,POL 3,POLSON MIDDLE SCHOOL GYMNAS,"1602 2ND ST W, POLSON, MT 59860.0"
MT,county,Lake,POLSON,POL 4 HD12,POL 4,POLSON MIDDLE SCHOOL GYMNAS,"1602 2ND ST W, POLSON, MT 59860.0"
MT,county,Lake,POLSON,POL 5 HD12,POL 5,POLSON MIDDLE SCHOOL GYMNAS,"1602 2ND ST W, POLSON, MT 59860.0"
MT,county,Lake,POLSON,POL 6 HD93,POL 6,POLSON MIDDLE SCHOOL GYMNAS,"1602 2ND ST W, POLSON, MT 59860.0"
MT,county,Lake,POLSON,POL 7 HD93,POL 7,POLSON MIDDLE SCHOOL GYMNAS,"1602 2ND ST W, POLSON, MT 59860.0"
MT,county,Lake,POLSON,POL 8 HD15,POL 8,POLSON MIDDLE SCHOOL GYMNAS,"1602 2ND ST W, POLSON, MT 59860.0"
MT,county,Lake,RONAN,RON 1 HD93,RON 1,RONAN COMMUNITY CENTER,"300 3RD AVE NW, RONAN, MT 59864.0"
MT,county,Lake,RONAN,RON 2 HD15,RON 2,RONAN COMMUNITY CENTER,"300 3RD AVE NW, RONAN, MT 59864.0"
MT,county,Lake,ST IGNATIUS,STI 1 HD93,STI 1,ST IGNATIUS SCHOOL GYM,"76 3RD AVE, ST IGNATIUS, MT 59865.0"
MT,county,Lake,ST IGNATIUS,STI 2 HD15,STI 2,ST IGNATIUS SCHOOL GYM,"76 3RD AVE, ST IGNATIUS, MT 59865.0"
MT,county,Lake,SWAN LAKE,SWA 1 HD10,SWA 1,SWAN RIVER ST FOREST H,"34925 MT HWY 83, SWAN LAKE, MT 59911.0"
MT,county,Lake,SWAN LAKE,SWA 2 HD15,SWA 2,SWAN RIVER ST FOREST H,"34925 MT HWY 83, SWAN LAKE, MT 59911.0"
MT,county,Lewis & Clark,HELENA,PCT 01,P01,JIM DARCY SCHOOL,"990 LINCOLN RD W, HELENA, MT 59602.0"
MT,county,Lewis & Clark,HELENA,PCT 02,P02,HELENA VALLEY COMMUNITY CENTER,"3553 TIZER DR, HELENA, MT 59602.0"
MT,county,Lewis & Clark,HELENA,PCT 03,P03,WEST VALLEY FIRE HALL,"1165 FORESTVALE RD, HELENA, MT 59602.0"
MT,county,Lewis & Clark,HELENA,PCT 04,P04,EXHIBIT BLDG-ENTRY HALL-FAIRGROUNDS,"98 WEST CUSTER AVE, HELENA, MT 59602.0"
MT,county,Lewis & Clark,HELENA,PCT 05,P05,CIVIC CENTER BALLROOM,"340 NEILL, HELENA, MT 59601.0"
MT,county,Lewis & Clark,HELENA,PCT 06,P06,EXHIBIT BLDG-ENTRY HALL-FAIRGROUNDS,"98 WEST CUSTER AVE, HELENA, MT 59602.0"
MT,county,Lewis & Clark,HELENA,PCT 07,P07,CIVIC CENTER BALLROOM,"340 NEILL, HELENA, MT 59601.0"
MT,county,Lewis & Clark,HELENA,PCT 08,P08,CIVIC CENTER BALLROOM,"340 NEILL, HELENA, MT 59601.0"
MT,county,Lewis & Clark,HELENA,PCT 09,P09,TOUCHMARK,"915 SADDLE DRIVE, HELENA, MT 59601.0"
MT,county,Lewis & Clark,HELENA,PCT 10,P10,WEST VALLEY FIRE HALL,"1165 FORESTVALE RD, HELENA, MT 59602.0"
MT,county,Lewis & Clark,EAST HELENA,PCT 11,P11,EAST HELENA CITY HALL,"306 EAST MAIN STREET, EAST HELENA, MT 59635.0"
MT,county,Lewis & Clark,HELENA,PCT 12,P12,HELENA VALLEY COMMUNITY CENTER,"3553 TIZER DR, HELENA, MT 59602.0"
MT,county,Lewis & Clark,HELENA,PCT 13,P13,LEWIS AND CLARK LIBRARY,"120 S LAST CHANCE GULCH, HELENA, MT 59601.0"
MT,county,Lewis & Clark,HELENA,PCT 14,P14,LEWIS AND CLARK LIBRARY,"120 S LAST CHANCE GULCH, HELENA, MT 59601.0"
MT,county,Lewis & Clark,HELENA,PCT 15,P15,EAGLES MANOR,"715 N FEE, HELENA, MT 59601.0"
MT,county,Lewis & Clark,HELENA,PCT 16,P16,MT DEPT OF TRANSPORTATION,"2701 PROSPECT AVE, HELENA, MT 59601.0"
MT,county,Lewis & Clark,HELENA,PCT 16A,P16a,TOUCHMARK,"915 SADDLE DRIVE, HELENA, MT 59601.0"
MT,county,Lewis & Clark,HELENA,PCT 16B,P16b,HUNTERS POINTE,"2801 COLONIAL DR, HELENA, MT 59601.0"
MT,county,Lewis & Clark,HELENA,PCT 17,P17,CIVIC CENTER BALLROOM,"340 NEILL, HELENA, MT 59601.0"
MT,county,Lewis & Clark,HELENA,PCT 18,P18,EXHIBIT BLDG-ENTRY HALL-FAIRGROUNDS,"98 WEST CUSTER AVE, HELENA, MT 59602.0"
MT,county,Lewis & Clark,HELENA,PCT 19,P19,HELENA VALLEY COMMUNITY CENTER,"3553 TIZER DR, HELENA, MT 59602.0"
MT,county,Lewis & Clark,EAST HELENA,PCT 20,P20,EAST HELENA CITY HALL,"306 EAST MAIN STREET, EAST HELENA, MT 59635.0"
MT,county,Lewis & Clark,EAST HELENA,PCT 21,P21,TRI-LAKES FIRE HALL STATION#3,"3200 SPOKANE CREEK RD, EAST HELENA, MT 59635.0"
MT,county,Lewis & Clark,HELENA,PCT 22,P22,CIVIC CENTER BALLROOM,"340 NEILL, HELENA, MT 59601.0"
MT,county,Lewis & Clark,HELENA,PCT 23,P23,EXHIBIT BLDG-ENTRY HALL-FAIRGROUNDS,"98 WEST CUSTER AVE, HELENA, MT 59602.0"
MT,county,Lewis & Clark,HELENA,PCT 24,P24,EXHIBIT BLDG-ENTRY HALL-FAIRGROUNDS,"98 WEST CUSTER AVE, HELENA, MT 59602.0"
MT,county,Lewis & Clark,HELENA,PCT 25,P25,CIVIC CENTER BALLROOM,"340 NEILL, HELENA, MT 59601.0"
MT,county,Lewis & Clark,HELENA,PCT 26,P26,EXHIBIT BLDG-ENTRY HALL-FAIRGROUNDS,"98 WEST CUSTER AVE, HELENA, MT 59602.0"
MT,county,Lewis & Clark,HELENA,PCT 27,P27,JIM DARCY SCHOOL,"990 LINCOLN RD W, HELENA, MT 59602.0"
MT,county,Lewis & Clark,CANYON CREEK,PCT 28,P28,CANYON CREEK SCHOOL,"7435 DUFFY LANE, CANYON CREEK, MT 59633.0"
MT,county,Lewis & Clark,HELENA,PCT 29,P29,YORK COMMUNITY CENTER,"6040 NELSON ROAD, HELENA, MT 59602.0"
MT,county,Lewis & Clark,WOLF CREEK,PCT 30,P30,WOLF CREEK SCHOOL,"150 WALSH STREET, WOLF CREEK, MT 59648.0"
MT,county,Lewis & Clark,LINCOLN,PCT 31,P31,LINCOLN COMMUNITY HALL,"404 MAIN STREET, LINCOLN, MT 59639.0"
MT,county,Lewis & Clark,LINCOLN,PCT 32,P32,LINCOLN COMMUNITY HALL,"404 MAIN STREET, LINCOLN, MT 59639.0"
MT,county,Lewis & Clark,AUGUSTA,PCT 33,P33,AUGUSTA YOUTH/SENIOR CENTER,"132 MAIN STREET, AUGUSTA, MT 59410.0"
MT,county,Lewis & Clark,WOLF CREEK,PCT 33A,P33a,DEARBORN COMMUNITY CNTR,"5400 HWY 434, WOLF CREEK, MT 59648.0"
MT,county,Lewis & Clark,WOLF CREEK,PCT 33B,P33b,WOLF CREEK SCHOOL,"150 WALSH STREET, WOLF CREEK, MT 59648.0"
MT,county,Liberty,CHESTER,#1 Precinct - West,1 PREC,CJI ELE GYM,"511 MAIN STREET, CHESTER, MT 59522.0"
MT,county,Liberty,CHESTER,#2 Precinct - North,2 PREC,CJI ELE GYM,"511 MAIN STREET, CHESTER, MT 59522.0"
MT,county,Liberty,CHESTER,#3 Precinct - South,3 PREC,CJI ELE GYM,"511 MAIN STREET, CHESTER, MT 59522.0"
MT,county,Liberty,JOPLIN,#4 Precinct - Joplin,4 PREC,JOPLIN COMMUNITY HALL,"105 2ND STREET EAST, JOPLIN, MT 59531.0"
MT,county,Lincoln,FORTINE,FORTINE,1_PREC,TREGO-FORTINE-STRYKER VOLUNTEER FIRE DEPARTMENT,"11889 HIGHWAY 93 S, FORTINE, MT 59918.0"
MT,county,Lincoln,LIBBY,LIBBY NORTH,10_PREC,VFW BUILDING_10,"114 WEST 2ND STREET, LIBBY, MT 59923.0"
MT,county,Lincoln,LIBBY,LIBBY EAST,11_PREC,VFW BUILDING_11,"114 WEST 2ND STREET, LIBBY, MT 59923.0"
MT,county,Lincoln,LIBBY,LIBBY WEST,12_PREC,LIBBY CITY HALL_12,"952 EAST SPRUCE STREET, LIBBY, MT 59923.0"
MT,county,Lincoln,LIBBY,LIBBY/PLUMMER,13_PREC,VFW BUILDING_13,"114 WEST 2ND STREET, LIBBY, MT 59923.0"
MT,county,Lincoln,TROY,TROY NORTH,14_PREC,KOOTENAI SENIOR CITIZENS CNTR 14,"304 N 3RD STREET, TROY, MT 59935.0"
MT,county,Lincoln,FORTINE,TREGO,2_PREC,TREGO-FORTINE-STRYKER VOLUNTEER FIRE DEPARTMENT,"11889 HIGHWAY 93 S, FORTINE, MT 59918.0"
MT,county,Lincoln,EUREKA,EUREKA RURAL,3_PREC,EUREKA FIRST CHURCH OF GOD - HIGH ROAD YOUTH CENTER,"1295 2ND AVENUE EAST, EUREKA, MT 59917.0"
MT,county,Lincoln,EUREKA,TOWN OF EUREKA,4_PREC,EUREKA FIRST CHURCH OF GOD - HIGH ROAD YOUTH CENTER,"1295 2ND AVENUE EAST, EUREKA, MT 59917.0"
MT,county,Lincoln,TROY,YAAK,5_PREC,UPPER YAAK FIRE SERVICE BUILDING,"74 SHOOTING RANGE DRIVE, TROY, MT 59935.0"
MT,county,Lincoln,TROY,MC CORMICK,6_PREC,MC CORMICK SCHOOL,"1564 OLD HIGHWAY 2 NORTH, TROY, MT 59935.0"
MT,county,Lincoln,TROY,TROY COMBINED,7_PREC,KOOTENAI SENIOR CITIZEN'S CNTR_7,"304 N 3RD STREET, TROY, MT 59935.0"
MT,county,Lincoln,TROY,TROY RURAL,8_PREC,KOOTENAI SR CITIZEN'S CENTER_8,"304 N 3RD STREET, TROY, MT 59935.0"
MT,county,Lincoln,LIBBY,CITY OF LIBBY,9_PREC,LIBBY CITY HALL_9,"952 EAST SPRUCE STREET, LIBBY, MT 59923.0"
MT,county,Madison,VIRGINIA CITY,VIRGINIA CITY - WARD 1,1/1_PREC,HERITAGE COMMISSION REHEARSAL HALL,"308 W IDAHO STREET, VIRGINIA CITY, MT 59755.0"
MT,county,Madison,ALDER,ALDER - WARD 2,1/2_PREC,ALDER COMMUNITY CENTER,"25 UPPER RUBY ROAD, ALDER, MT 59710.0"
MT,county,Madison,CARDWELL,JEFFERSON ISLAND - WARD 1,15/1_PREC,CARDWELL SCHOOL,"80 MT HIGHWAY 359, CARDWELL, MT 59721.0"
MT,county,Madison,HARRISON,HARRISON - WARD 2,15/2_PREC,HARRISON SCHOOL,"120 MAIN ST, HARRISON, MT 59735.0"
MT,county,Madison,ENNIS,ENNIS - RURAL,20_PREC,ENNIS RURAL FIRE HALL,"5035 US HIGHWAY 287 N, ENNIS, MT 59729.0"
MT,county,Madison,ENNIS,ENNIS - TOWN,21_PREC,ENNIS TOWN HALL,"328 W MAIN ST, ENNIS, MT 59729.0"
MT,county,Madison,SHERIDAN,SHERIDAN,5_PREC,SHERIDAN LIBRARY,"109 E HAMILTON, SHERIDAN, MT 59749.0"
MT,county,Madison,TWIN BRIDGES,TWIN BRIDGES,7_PREC,TWIN BRIDGES SCHOOL,"216 W 6TH AVE, TWIN BRIDGES, MT 59754.0"
MT,county,McCone,CIRCLE,PRECINCT 4,PREC_04,COUNTRY MARKET BANQUET ROOM,"101 TENTH STREET, CIRCLE, MT 59739.0"
MT,county,McCone,CIRCLE,PRECINCT 8,PREC_08,COMM./SR.CENTER,"212 MAIN STREET, CIRCLE, MT 59725.0"
MT,county,McCone,VIDA,PRECINCT 27,PREC_27,VIDA SCHOOL,"200 SHELL STREET, VIDA, MT 59274.0"
MT,county,Meagher,WHITE SULPHUR SPRINGS,Precinct 5,Prec_5,GRADE SCHOOL-A,"209 CENTRAL AVENUE, WHITE SULPHUR SPRINGS, MT 59645.0"
MT,county,Mineral,ALBERTON,ALBERTON,22_PREC,ALBERTON_22,"117 RAILROAD AVE., ALBERTON, MT 59820.0"
MT,county,Mineral,SUPERIOR,SUPERIOR_24,24_PREC,SUPERIOR_24,"410 ARIZONA AVE., SUPERIOR, MT 59872.0"
MT,county,Mineral,SUPERIOR,SUPERIOR_25,25_PREC,SUPERIOR_25,"410 ARIZONA AVE., SUPERIOR, MT 59872.0"
MT,county,Mineral,ST REGIS,ST. REGIS,26_PREC,ST. REGIS_26,"39 LOBO LOOP, ST REGIS, MT 59866.0"
MT,county,Mineral,DEBORGIA,WEST END,27_PREC,DEBORGIA_27,"218 THOMPSON DEBORGIA RD, DEBORGIA, MT 59830.0"
MT,county,Mineral,SUPERIOR,SUPERIOR_30,30_PREC,SUPERIOR_30,"410 ARIZONA AVE, SUPERIOR, MT 59872.0"
MT,county,Missoula,BONNER,BONNER 89,BONN89,BONNER SCHOOL,"9045 HIWAY 200 E, BONNER, MT 59823.0"
MT,county,Missoula,BONNER,BONNER 92,BONN92,BONNER SCHOOL,"9045 HIWAY 200 E, BONNER, MT 59823.0"
MT,county,Missoula,MISSOULA,CHIEF CHARLO 90,CHIEF90,CHIEF CHARLO SCHOOL,"5600 LONGVIEW, MISSOULA, MT 59803.0"
MT,county,Missoula,CLINTON,CLINTON 89,CLIN89,CLINTON SCHOOL,"20397 E MULLAN RD, CLINTON, MT 59825.0"
MT,county,Missoula,CLINTON,CLINTON 92,CLIN92,CLINTON SCHOOL,"20397 E MULLAN RD, CLINTON, MT 59825.0"
MT,county,Missoula,MISSOULA,COLD SPRINGS 89,COLD 89,CHIEF CHARLO SCHOOL,"5600 LONGVIEW, MISSOULA, MT 59803.0"
MT,county,Missoula,MISSOULA,COLD SPRINGS 99,COLD 99,CHIEF CHARLO SCHOOL,"5600 LONGVIEW, MISSOULA, MT 59803.0"
MT,county,Missoula,MISSOULA,CSPORTER 98,CSPTR98,C S PORTER SCHOOL,"2510 CENTRAL AVE, MISSOULA, MT 59804.0"
MT,county,Missoula,MISSOULA,EAST MSLA 92,EMSLA92,EAST MISSOULA COMMUNITY CENTER,"314 MONTANA AVE, MISSOULA, MT 59802.0"
MT,county,Missoula,MISSOULA,EVARO 94,EVARO94,EVARO FIRE STATION,"6900 GROOMS RD, MISSOULA, MT 59808.0"
MT,county,Missoula,FRENCHTOWN,FRENCHTWN 14N,FRCH14N,FRENCHTOWN FIRE STATION,"16875 MARION, FRENCHTOWN, MT 59834.0"
MT,county,Missoula,FRENCHTOWN,FRENCHTWN 14S,FRCH14S,FRENCHTOWN FIRE STATION,"16875 MARION, FRENCHTOWN, MT 59834.0"
MT,county,Missoula,FRENCHTOWN,FRENCHTWN 94,FRCH94,FRENCHTOWN FIRE STATION,"16875 MARION, FRENCHTOWN, MT 59834.0"
MT,county,Missoula,FRENCHTOWN,FRENCHTWN 96,FRCH96,FRENCHTOWN FIRE STATION,"16875 MARION, FRENCHTOWN, MT 59834.0"
MT,county,Missoula,MISSOULA,FRANKLIN 100N,FRK100N,FRANKLIN SCHOOL,"1910 S 11TH ST W, MISSOULA, MT 59801.0"
MT,county,Missoula,MISSOULA,FRANKLIN 100S,FRK100S,FRANKLIN SCHOOL,"1910 S 11TH ST W, MISSOULA, MT 59801.0"
MT,county,Missoula,MISSOULA,HELLGATE 94,HLLG94,MISSOULA TECHNOLOGY AND DEVELOPMENT CENTER,"5785 W BROADWAY ST, MISSOULA, MT 59808.0"
MT,county,Missoula,MISSOULA,HELLGATE 95,HLLG95,MISSOULA TECHNOLOGY AND DEVELOPMENT CENTER,"5785 W BROADWAY ST, MISSOULA, MT 59808.0"
MT,county,Missoula,MISSOULA,HELLGATE 96E,HLLG96E,MISSOULA TECHNOLOGY AND DEVELOPMENT CENTER,"5785 W BROADWAY ST, MISSOULA, MT 59808.0"
MT,county,Missoula,MISSOULA,HELLGATE 96W,HLLG96W,MISSOULA TECHNOLOGY AND DEVELOPMENT CENTER,"5785 W BROADWAY ST, MISSOULA, MT 59808.0"
MT,county,Missoula,MISSOULA,HELLGATE 97,HLLG97,MISSOULA TECHNOLOGY AND DEVELOPMENT CENTER,"5785 W BROADWAY ST, MISSOULA, MT 59808.0"
MT,county,Missoula,MISSOULA,HAWTHORNE 95,HWTH95,ORCHARD HOMES COUNTRY LIFE CLUB,"2537 S 3RD ST W, MISSOULA, MT 59804.0"
MT,county,Missoula,MISSOULA,HAWTHORNE 98N,HWTH98N,ORCHARD HOMES COUNTRY LIFE CLUB,"2537 S 3RD ST W, MISSOULA, MT 59804.0"
MT,county,Missoula,MISSOULA,HAWTHORNE 98S,HWTH98S,ORCHARD HOMES COUNTRY LIFE CLUB,"2537 S 3RD ST W, MISSOULA, MT 59804.0"
MT,county,Missoula,MISSOULA,LEWIS CLK 89,LEW89,LEWIS & CLARK SCHOOL,"2901 PARK, MISSOULA, MT 59801.0"
MT,county,Missoula,MISSOULA,LEWIS CLK 90E,LEW90E,LEWIS & CLARK SCHOOL,"2901 PARK, MISSOULA, MT 59801.0"
MT,county,Missoula,MISSOULA,LEWIS CLK 90W,LEW90W,LEWIS & CLARK SCHOOL,"2901 PARK, MISSOULA, MT 59801.0"
MT,county,Missoula,MISSOULA,LIBRARY 91,LIBR91,LIBRARY,"301 E MAIN ST, MISSOULA, MT 59802.0"
MT,county,Missoula,LOLO,LOLO 89,LOLO89,LOLO SCHOOL,"11395 US HWY 93 S, LOLO, MT 59847.0"
MT,county,Missoula,LOLO,LOLO 97,LOLO97,LOLO SCHOOL,"11395 US HWY 93 S, LOLO, MT 59847.0"
MT,county,Missoula,MISSOULA,LOWELL 94,LOWE94,LOWELL SCHOOL,"1200 SHERWOOD ST, MISSOULA, MT 59802.0"
MT,county,Missoula,MISSOULA,LOWELL 95,LOWE95,LOWELL SCHOOL,"1200 SHERWOOD ST, MISSOULA, MT 59802.0"
MT,county,Missoula,MISSOULA,MEADOW HILL 99,MDWHL99,CHIEF CHARLO SCHOOL,"5600 LONGVIEW, MISSOULA, MT 59803.0"
MT,county,Missoula,MISSOULA,PAXSON 89,PAXSN89,PAXSON SCHOOL,"101 EVANS, MISSOULA, MT 59801.0"
MT,county,Missoula,ALBERTON,PETTY CRK 97,PETTY97,PETTY CREEK FIRE STATION,"995 TERRACE VIEW DR, ALBERTON, MT 59820.0"
MT,county,Missoula,BONNER,POTOMAC 92,POTO92,GREENOUGH POTOMAC COMMUNITY CENTER,"29827 POTOMAC RD, BONNER, MT 59823.0"
MT,county,Missoula,MISSOULA,RATTLSNK 91E,RTSK91E,RATTLESNAKE SCHOOL,"1220 PINEVIEW DR, MISSOULA, MT 59802.0"
MT,county,Missoula,MISSOULA,RATTLSNK 91W,RTSK91W,RATTLESNAKE SCHOOL,"1220 PINEVIEW DR, MISSOULA, MT 59802.0"
MT,county,Missoula,MISSOULA,RUSSELL 90,RUSS90,RUSSELL SCHOOL ,"3216 S RUSSELL ST, MISSOULA, MT 59801.0"
MT,county,Missoula,MISSOULA,RUSSELL 99N,RUSS99N,RUSSELL SCHOOL ,"3216 S RUSSELL ST, MISSOULA, MT 59801.0"
MT,county,Missoula,MISSOULA,RUSSELL 99S,RUSS99S,RUSSELL SCHOOL ,"3216 S RUSSELL ST, MISSOULA, MT 59801.0"
MT,county,Missoula,SEELEY LAKE,SEELEY LK 92,SEEL92,SEELEY LAKE ELEMENTARY SCHOOL,"200 SCHOOL LANE, SEELEY LAKE, MT 59868.0"
MT,county,Missoula,MISSOULA,SENIOR CIT 91,SENR91,SENIOR CITIZENS CENTER,"705 S HIGGINS, MISSOULA, MT 59801.0"
MT,county,Missoula,MISSOULA,SENIOR CIT 95,SENR95,SENIOR CITIZENS CENTER,"705 S HIGGINS, MISSOULA, MT 59801.0"
MT,county,Missoula,MISSOULA,SPRING MDW 94,SPMDW94,SPRING MEADOWS FIRE STATION,"9350 LADYSLIPPER, MISSOULA, MT 59808.0"
MT,county,Missoula,MISSOULA,SPRING MDW 96,SPMDW96,SPRING MEADOWS FIRE STATION,"9350 LADYSLIPPER, MISSOULA, MT 59808.0"
MT,county,Missoula,MISSOULA,ST JOSEPH 100E,STJ100E,ST JOSEPH SCHOOL,"503 EDITH ST, MISSOULA, MT 59801.0"
MT,county,Missoula,MISSOULA,ST JOSEPH 100W,STJ100W,ST JOSEPH SCHOOL,"503 EDITH ST, MISSOULA, MT 59801.0"
MT,county,Missoula,CONDON,SWAN 92,SWAN92,SWAN VALLEY SCHOOL,"6423 HIWAY 83 N, CONDON, MT 59826.0"
MT,county,Missoula,MISSOULA,TARGET RNG 97,TARG97,TARGET RANGE SCHOOL,"4095 SOUTH AVE WEST, MISSOULA, MT 59804.0"
MT,county,Missoula,MISSOULA,TARGET RNG 98,TARG98,TARGET RANGE SCHOOL,"4095 SOUTH AVE WEST, MISSOULA, MT 59804.0"
MT,county,Missoula,MISSOULA,UC CENTR 89,UCCE89,U C CENTER,"32 CAMPUS DR UNIVERSITY CENTER, MISSOULA, MT 59812.0"
MT,county,Musselshell,ROUNDUP,PRECINCT 1,PREC_1,ROUNDUP COMMUNITY CENTER,"700 THIRD STREET WEST , ROUNDUP, MT 59072.0"
MT,county,Musselshell,ROUNDUP,PRECINCT 3,PREC_3,ROUNDUP COMMUNITY CENTER,"700 THIRD STREET WEST , ROUNDUP, MT 59072.0"
MT,county,Musselshell,ROUNDUP,PRECINCT 5,PREC_5,ROUNDUP COMMUNITY CENTER,"700 THIRD STREET WEST , ROUNDUP, MT 59072.0"
MT,county,Musselshell,ROUNDUP,PRECINCT 6,PREC_6,ROUNDUP COMMUNITY CENTER,"700 THIRD STREET WEST , ROUNDUP, MT 59072.0"
MT,county,Musselshell,MELSTONE,PRECINCT 7,PREC_7,MELSTONE COMMUNITY CENTER,"500 FERGUS, MELSTONE, MT 59054.0"
MT,county,Musselshell,MUSSELSHELL,PRECINCT 8,PREC_8,MUSSELSHELL SCHOOL,"100 SOUTH MUSSELSHELL ROAD, MUSSELSHELL, MT 59059.0"
MT,county,Park,CLYDE PARK,59A NORTH PC,59A NPC,SHIELDS VALLEY COMMUNITY CENTER,"409 MILES AVE., CLYDE PARK, MT 59018.0"
MT,county,Park,LIVINGSTON,59B N CENTRAL PC,59B NCP,LIVINGSTON FAIRGROUNDS,"46 VIEW VISTA DR, LIVINGSTON, MT 59047.0"
MT,county,Park,EMIGRANT,59C S CENTRAL PC,59C SCP,EMIGRANT HALL,"101 STORY ROAD, EMIGRANT, MT 59027.0"
MT,county,Park,GARDINER,59D SOUTH PC,59D SPC,GARDINER SCHOOL,"510 STONE STREET, GARDINER, MT 59030.0"
MT,county,Park,LIVINGSTON,60A NW OF LIVINGSTON,60A NOL,LIVINGSTON FAIRGROUNDS,"46 VIEW VISTA DR, LIVINGSTON, MT 59047.0"
MT,county,Park,LIVINGSTON,60B SW OF LIVINGSTON,60B SOL,LIVINGSTON FAIRGROUNDS,"46 VIEW VISTA DR, LIVINGSTON, MT 59047.0"
MT,county,Park,LIVINGSTON,60CL NW COL,60CL NW,LIVINGSTON FAIRGROUNDS,"46 VIEW VISTA DR, LIVINGSTON, MT 59047.0"
MT,county,Park,LIVINGSTON,60DL NE COL,60DL NE,LIVINGSTON FAIRGROUNDS,"46 VIEW VISTA DR, LIVINGSTON, MT 59047.0"
MT,county,Park,LIVINGSTON,60EL SE COL,60EL SE,LIVINGSTON FAIRGROUNDS,"46 VIEW VISTA DR, LIVINGSTON, MT 59047.0"
MT,county,Park,LIVINGSTON,60FL SC COL,60FL SC,LIVINGSTON FAIRGROUNDS,"46 VIEW VISTA DR, LIVINGSTON, MT 59047.0"
MT,county,Park,LIVINGSTON,60GL SW COL,60GL SW,LIVINGSTON FAIRGROUNDS,"46 VIEW VISTA DR, LIVINGSTON, MT 59047.0"
MT,county,Petroleum,WINNETT,PRECNCT 1,PREC_1,PETROLEUM COUNTY COURTHOUSE,"302 EAST MAIN, WINNETT, MT 59087.0"
MT,county,Phillips,MALTA,PCT 11N - PHILLIPS - 33/17,PCT 11N,COURTHOUSE,"314 S 2ND AVE W, MALTA, MT 59538.0"
MT,county,Phillips,MALTA,PCT 11S - PHILLIPS - 32/16,PCT 11S,COURTHOUSE,"314 S 2ND AVE W, MALTA, MT 59538.0"
MT,county,Pondera,BRADY,BRADY_19,Prec_19,BRADY COMMUNITY CENTER 19,"303 CENTRAL AVENUE, BRADY, MT 59416.0"
MT,county,Pondera,HEART BUTTE,HEART BUTTE_20,Prec_20,HEART BUTTE HIGH SCHOOL 20,"#1 NEW SCHOOL RD, HEART BUTTE, MT 59448.0"
MT,county,Pondera,DUPUYER,DUPUYER_23,Prec_23,DUPUYER SCHOOL,"319 COLUMBUS LOOP, DUPUYER, MT 59432.0"
MT,county,Pondera,CONRAD,CONRAD_24,Prec_24,PONDERA CENTER 24,"311 S VIRGINIA ST, CONRAD, MT 59425.0"
MT,county,Pondera,CONRAD,CONRAD_27,Prec_27,PONDERA CENTER 27,"311 S VIRGINIA ST, CONRAD, MT 59425.0"
MT,county,Pondera,CONRAD,CONRAD RURAL 29,PREC_29,PONDERA CENTER 29,"311 S VIRGINIA ST, CONRAD, MT 59425.0"
MT,county,Pondera,VALIER,VALIER_34,Prec_34,VALIER CIVIC CENTER,"514 MONTANA ST, VALIER, MT 59486.0"
MT,county,Pondera,VALIER,VALIER (RURAL)_35,Prec_35,VALIER CIVIC CENTER,"514 MONTANA ST, VALIER, MT 59486.0"
MT,county,Powder River,VOLBORG,PRECINCT03,PREC_03,COALWOOD SCHOOL,"10 RILEY ROAD, VOLBORG, MT 59351.0"
MT,county,Powder River,VOLBORG,PRECINCT04,PREC_04,STACEY MEMORIAL HALL,"5 LISCOMB ROAD, VOLBORG, MT 59351.0"
MT,county,Powder River,ASHLAND,PRECINCT05,PREC_05,TRECO BUILDING,"2435 HIGHWAY 212, ASHLAND, MT 59003.0"
MT,county,Powder River,BIDDLE,PRECINCT09,PREC_09,BIDDLE HERITAGE CENTER,"212 S. STATE HIGHWAY 59, BIDDLE, MT 59314.0"
MT,county,Powder River,BROADUS,PRECINCT11,PREC_11,COURTHOUSE ELECTION ROOM," 119 N. Park Ave., BROADUS, MT 59317.0"
MT,county,Powder River,BROADUS,PRECINCT12,PREC_12,COURTHOUSE LOBBY," 119 N. Park Ave., BROADUS, MT 59317.0"
MT,county,Powder River,BIDDLE,PRECINCT08,PREC_8,BIDDLE HERITAGE CENTER,"212 S. STATE HIGHWAY 59, BIDDLE, MT 59314.0"
MT,county,Powell,AVON,PRECINCT #1.80,P_1.80,AVON COMMUNITY CENTER,"208 MAIN ST, AVON, MT 59713.0"
MT,county,Powell,GARRISON,PRECINCT #10.80,P_10.80,GARRISON SCHOOL,"33 SCHOOL HOUSE RD, GARRISON, MT 59731.0"
MT,county,Powell,GOLD CREEK,PRECINCT #11.80,P_11.80,GOLD CREEK COMMUNITY CENTER,"653 GOLD CREEK ROAD, GOLD CREEK, MT 59733.0"
MT,county,Powell,HELMVILLE,PRECINCT #12.80,P_12.80,HELMVILLE COMMUNITY CENTER,"105 MAIN STREET, HELMVILLE, MT 59843.0"
MT,county,Powell,OVANDO,PRECINCT #14.80,P_14.80,OVANDO COMMUNITY CENTER,"108 BIRCH STREET, OVANDO, MT 59854.0"
MT,county,Powell,DEER LODGE,PRECINCT #16.78,P_16.78,RACETRACK COMMUNITY HALL,"6887 S FRONTAGE RD, DEER LODGE, MT 59722.0"
MT,county,Powell,DEER LODGE,PRECINCT #2.80,P_2.80,COMMUNITY CENTER 2,"416 COTTONWOOD AVE, DEER LODGE, MT 59722.0"
MT,county,Powell,DEER LODGE,PRECINCT #3.78,P_3.78,COMMUNITY CENTER-3,"416 COTTONWOOD, DEER LODGE, MT 59722.0"
MT,county,Powell,DEER LODGE,PRECINCT #4.78,P_4.78,COMMUNITY CENTER-4,"416 COTTONWOOD, DEER LODGE, MT 59722.0"
MT,county,Powell,DEER LODGE,PRECINCT #5.78,P_5.78,COMMUNITY CENTER-5,"416 COTTONWOOD, DEER LODGE, MT 59722.0"
MT,county,Powell,DEER LODGE,PRECINCT #6.78,P_6.78,COMMUNITY CENTER-6,"416 COTTONWOOD, DEER LODGE, MT 59722.0"
MT,county,Powell,DEER LODGE,PRECINCT #7.78,P_7.78,COMMUNITY CENTER-7,"416 COTTONWOOD, DEER LODGE, MT 59722.0"
MT,county,Powell,ELLISTON,PRECINCT #8.80,P_8.80,ELLISTON SCHOOL GYM,"205 WEST MAIN STREET, ELLISTON, MT 59728.0"
MT,county,Prairie,TERRY,PRECINCT NO. 1,PREC_1,TERRY HIGH SCHOOL,"215 W PARK, TERRY, MT 59647.0"
MT,county,Prairie,TERRY,PRECINCT NO. 2,PREC_2,TERRY HIGH SCHOOL,"215 W PARK, TERRY, MT 59330.0"
MT,county,Prairie,FALLON,PRECINCT NO. 3,PREC_3,FALLON COFFEE SHOP,"518 N RAILWAY AVE, FALLON, MT 59316.0"
MT,county,Prairie,TERRY,PRECINCT NO. 4,PREC_4,TERRY HIGH SCHOOL,"215 W PARK, TERRY, MT 59330.0"
MT,county,Ravalli,DARBY,PCT 01,01_PCT,DARBY SCHOOL GYM,"209 SCHOOL DRIVE, DARBY, MT 59829.0"
MT,county,Ravalli,DARBY,PCT 02,02_PCT,DARBY SCHOOL GYM,"209 SCHOOL DRIVE, DARBY, MT 59829.0"
MT,county,Ravalli,DARBY,PCT 03,03_PCT,DARBY SCHOOL GYM,"209 SCHOOL DRIVE, DARBY, MT 59829.0"
MT,county,Ravalli,HAMILTON,PCT 04,04_PCT,HAMILTON HIGH SCHOOL GYM,"327 FAIRGROUNDS ROAD, HAMILTON, MT 59840.0"
MT,county,Ravalli,HAMILTON,PCT 05,05_PCT,HAMILTON HIGH SCHOOL GYM,"327 FAIRGROUNDS ROAD, HAMILTON, MT 59840.0"
MT,county,Ravalli,HAMILTON,PCT 06,06_PCT,HAMILTON HIGH SCHOOL GYM,"327 FAIRGROUNDS ROAD, HAMILTON, MT 59840.0"
MT,county,Ravalli,HAMILTON,PCT 07,07_PCT,HAMILTON HIGH SCHOOL GYM,"327 FAIRGROUNDS ROAD, HAMILTON, MT 59840.0"
MT,county,Ravalli,HAMILTON,PCT 08,08_PCT,HAMILTON HIGH SCHOOL GYM,"327 FAIRGROUNDS ROAD, HAMILTON, MT 59840.0"
MT,county,Ravalli,HAMILTON,PCT 09,09_PCT,HAMILTON HIGH SCHOOL GYM,"327 FAIRGROUNDS ROAD, HAMILTON, MT 59840.0"
MT,county,Ravalli,CORVALLIS,PCT 10,10_PCT,CORVALLIS HIGH SCHOOL GYM,"1045 MAIN STREET, CORVALLIS, MT 59828.0"
MT,county,Ravalli,CORVALLIS,PCT 11,11_PCT,CORVALLIS HIGH SCHOOL GYM,"1045 MAIN STREET, CORVALLIS, MT 59828.0"
MT,county,Ravalli,CORVALLIS,PCT 12,12_PCT,CORVALLIS HIGH SCHOOL GYM,"1045 MAIN STREET, CORVALLIS, MT 59828.0"
MT,county,Ravalli,CORVALLIS,PCT 13,13_PCT,CORVALLIS HIGH SCHOOL GYM,"1045 MAIN STREET, CORVALLIS, MT 59828.0"
MT,county,Ravalli,PINESDALE,PCT 14,14_PCT,PINESDALE TOWN HALL,"DOWNTOWN PINESDALE, PINESDALE, MT 59841.0"
MT,county,Ravalli,VICTOR,PCT 15,15_PCT,VICTOR SCHOOL GYM,"424 4TH AVENUE, VICTOR, MT 59875.0"
MT,county,Ravalli,VICTOR,PCT 16,16_PCT,VICTOR SCHOOL GYM,"424 4TH AVENUE, VICTOR, MT 59875.0"
MT,county,Ravalli,STEVENSVILLE,PCT 17,17_PCT,STEVENSVILLE ELEMENTARY SCHOOL GYM,"300 PARK STREET BEHIND 3K BUILDING, STEVENSVILLE, MT 59870.0"
MT,county,Ravalli,STEVENSVILLE,PCT 18,18_PCT,STEVENSVILLE ELEMENTARY SCHOOL GYM,"300 PARK STREET BEHIND 3K BUILDING, STEVENSVILLE, MT 59870.0"
MT,county,Ravalli,STEVENSVILLE,PCT 19,19_PCT,STEVENSVILLE ELEMENTARY SCHOOL GYM,"300 PARK STREET BEHIND 3K BUILDING, STEVENSVILLE, MT 59870.0"
MT,county,Ravalli,STEVENSVILLE,PCT 20,20_PCT,STEVENSVILLE ELEMENTARY SCHOOL GYM,"300 PARK STREET BEHIND 3K BUILDING, STEVENSVILLE, MT 59870.0"
MT,county,Ravalli,STEVENSVILLE,PCT 21,21_PCT,LONE ROCK SCHOOL,"1112 THREE MILE ROAD, STEVENSVILLE, MT 59870.0"
MT,county,Ravalli,STEVENSVILLE,PCT 22,22_PCT,LONE ROCK SCHOOL,"1112 THREE MILE ROAD, STEVENSVILLE, MT 59870.0"
MT,county,Ravalli,FLORENCE,PCT 23,23_PCT,FLORENCE CARLTON SCHOOL GYM,"5602 OLD HIGHWAY 93, FLORENCE, MT 59833.0"
MT,county,Ravalli,FLORENCE,PCT 24,24_PCT,FLORENCE CARLTON SCHOOL GYM,"5602 OLD HIGHWAY 93, FLORENCE, MT 59833.0"
MT,county,Richland,SIDNEY,PRECINCT 01,01,ASSEMBLY OF GOD MULTIPURPOSE ROOM,"414 EAST MAIN STREET, SIDNEY, MT 59270.0"
MT,county,Richland,SIDNEY,PRECINCT 02,02,ASSEMBLY OF GOD MULTIPURPOSE ROOM,"414 EAST MAIN STREET, SIDNEY, MT 59270.0"
MT,county,Richland,SIDNEY,PRECINCT 03,03,ASSEMBLY OF GOD MULTIPURPOSE ROOM,"414 EAST MAIN STREET, SIDNEY, MT 59270.0"
MT,county,Richland,SIDNEY,PRECINCT 04,04,ASSEMBLY OF GOD MULTIPURPOSE ROOM,"414 EAST MAIN STREET, SIDNEY, MT 59270.0"
MT,county,Richland,SAVAGE,PRECINCT 05,05,SAVAGE SENIOR CENTER,"164 MAIN STREET, SAVAGE, MT 59262.0"
MT,county,Richland,LAMBERT,PRECINCT 07,07,LAMBERT SCHOOL OLD GYM,"121 3RD AVENUE NORTH, LAMBERT, MT 59243.0"
MT,county,Richland,SIDNEY,PRECINCT 08,08,ASSEMBLY OF GOD MULTIPURPOSE ROOM,"414 EAST MAIN STREET, SIDNEY, MT 59270.0"
MT,county,Richland,SIDNEY,PRECINCT 09,09,ASSEMBLY OF GOD MULTIPURPOSE ROOM,"414 EAST MAIN STREET, SIDNEY, MT 59270.0"
MT,county,Richland,FAIRVIEW,PRECINCT 12,12,ST CATHERINES CHURCH,"317 WEST 7TH ST, FAIRVIEW, MT 59221.0"
MT,county,Richland,SIDNEY,PRECINCT 17,17,GIRARD HALL,"13610 COUNTY ROAD 338, SIDNEY, MT 59034.0"
MT,county,Richland,BROCKTON,PRECINCT 19,19,ELMDALE HALL,"32108 COUNTY 139, BROCKTON, MT 59034.0"
MT,county,Richland,SIDNEY,PRECINCT 22,22,ASSEMBLY OF GOD MULTIPURPOSE ROOM,"414 EAST MAIN STREET, SIDNEY, MT 59270.0"
MT,county,Richland,SIDNEY,PRECINCT 23,23,ASSEMBLY OF GOD MULTIPURPOSE ROOM,"414 EAST MAIN STREET, SIDNEY, MT 59270.0"
MT,county,Roosevelt,BAINVILLE,02 BAINVILLE,02-34,BAINVILLE SCHOOL,"409 TUBMAN, BAINVILLE, MT 59212.0"
MT,county,Roosevelt,FROID,10 FROID,10-34,FROID COMMUNITY CENTER,"103 2ND STREET NORTH, FROID, MT 59226.0"
MT,county,Roosevelt,CULBERTSON,12 CULBERTSON,12-34,CULBERTSON SENIOR CITIZENS CENTER,"210 BROADWAY, CULBERTSON, MT 59218.0"
MT,county,Roosevelt,BROCKTON,15 BROCKTON,15-31,BROCKTON SCHOOL DISTRICT OFFICE,"529 5TH STREET, BROCKTON, MT 59213.0"
MT,county,Roosevelt,POPLAR,16 EAST POPLAR RURAL,16-31,POPLAR MIDDLE SCHOOL,"408 D STREET WEST, POPLAR, MT 59255.0"
MT,county,Roosevelt,BROCKTON,17 NORTH POPLAR MINERAL BENCH,17-34,FAITH FREE LUTHERAN CHURCH,"4703 HIGHWAY 344 W, BROCKTON, MT 59213.0"
MT,county,Roosevelt,POPLAR,18 POPLAR,18-31,POPLAR MIDDLE SCHOOL,"408 D ST WEST, POPLAR, MT 59255.0"
MT,county,Roosevelt,WOLF POINT,22 EAST & NE WOLF POINT RURAL,22-31,COUNTY SERVICES BLDG-CONFERENCE ROOM,"124 CUSTER STREET, WOLF POINT, MT 59201.0"
MT,county,Roosevelt,WOLF POINT,24 WOLF POINT SOUTHSIDE,24-31,COUNTY SERVICES BLDG-SENIOR CITIZENS CENTER,"124 CUSTER STREET, WOLF POINT, MT 59201.0"
MT,county,Roosevelt,WOLF POINT,26 WOLF POINT NORTHSIDE,26-31,COUNTY SERVICES BLDG-SENIOR CITIZENS CENTER,"124 CUSTER STREET, WOLF POINT, MT 59201.0"
MT,county,Roosevelt,WOLF POINT,27 WEST WOLF POINT RURAL,27-31,COUNTY SERVICES BLDG-SENIOR CITIZENS CENTER,"124 CUSTER STREET, WOLF POINT, MT 59201.0"
MT,county,Roosevelt,WOLF POINT,28 NORTH WOLF POINT RURAL (VICTORY),28-34,COUNTY SERVICES BLDG-SENIOR CITIZENS CENTER,"124 CUSTER STREET, WOLF POINT, MT 59201.0"
MT,county,Rosebud,ROSEBUD,PRECINCT 10,PREC_10,ROSEBUD SCHOOL,"601 MAIN STREET, ROSEBUD, MT 59347.0"
MT,county,Rosebud,ROSEBUD,PRECINCT 11,PREC_11,ROSEBUD SCHOOL,"601 MAIN STREET, ROSEBUD, MT 59347.0"
MT,county,Rosebud,LAME DEER,PRECINCT 15,PREC_15,NORTHERN CHEYENNE TRIBAL BUILDING,"100 CHEYENNE AVENUE, LAME DEER, MT 59043.0"
MT,county,Rosebud,ASHLAND,PRECINCT 17,PREC_17,ASHLAND PUBLIC SCHOOL,"8 OLD MISSION ROAD, ASHLAND, MT 59003.0"
MT,county,Rosebud,FORSYTH,PRECINCT 20,PREC_20,HAUGO CENTER,"483 EAST ROSEBUD STREET, FORSYTH, MT 59327.0"
MT,county,Rosebud,FORSYTH,PRECINCT 21,PREC_21,HAUGO CENTER,"483 EAST ROSEBUD STREET, FORSYTH, MT 59327.0"
MT,county,Rosebud,INGOMAR,PRECINCT 26,PREC_26,INGOMAR SCHOOL,"400 1ST AVE, INGOMAR, MT 59039.0"
MT,county,Rosebud,FORSYTH,PRECINCT 3,PREC_3,HAUGO CENTER,"483 EAST ROSEBUD STREET, FORSYTH, MT 59327.0"
MT,county,Rosebud,COLSTRIP,PRECINCT 30,PREC_30,COLSTRIP CITY HALL,"12 CHERRY STREET, COLSTRIP, MT 59323.0"
MT,county,Rosebud,COLSTRIP,PRECINCT 32,PREC_32,COLSTRIP CITY HALL,"12 CHERRY STREET, COLSTRIP, MT 59323.0"
MT,county,Rosebud,FORSYTH,PRECINCT 6,PREC_6,HAUGO CENTER,"483 EAST ROSEBUD STREET, FORSYTH, MT 59327.0"
MT,county,Rosebud,ASHLAND,PRECINCT 7,PREC_7,ASHLAND PUBLIC SCHOOL,"8 OLD MISSION ROAD, ASHLAND, MT 59003.0"
MT,county,Sanders,HERON,1-HERON-HD13,#1,HERON COMMUNITY CENTER,"6 UPPER RIVER ROAD, HERON, MT 59844.0"
MT,county,Sanders,NOXON,2-NOXON-HD13,#2,NOXON EMERGENCY SERVICES BLDG,"311 NOXON AVE, NOXON, MT 59853.0"
MT,county,Sanders,TROUT CREEK,3-TROUT CREEK-HD13,#3,TROUT CREEK SCHOOL,"4 SCHOOL LANE, TROUT CREEK, MT 59874.0"
MT,county,Sanders,THOMPSON FALLS,4-T Falls-HD13,#4,THOMPSON FALLS COMM. CENTER,"410 GOLF ST, THOMPSON FALLS, MT 59873.0"
MT,county,Sanders,THOMPSON FALLS,5-T FALLS-HD13,#5,THOMPSON FALLS COMM. CENTER,"410 GOLF ST, THOMPSON FALLS, MT 59873.0"
MT,county,Sanders,PLAINS,6-PLAINS-HD14,#6,PLAINS PARADISE SENIOR CENTER,"205 W MEANY ST, PLAINS, MT 59859.0"
MT,county,Sanders,PLAINS,7-PLAINS-HD14,#7,PLAINS PARADISE SENIOR CENTER,"205 W MEANY ST, PLAINS, MT 59859.0"
MT,county,Sanders,HOT SPRINGS,8-HOT SPRINGS-HD14,#8,HOT SPRINGS SENIOR CITIZENS,"101 MAIN ST, HOT SPRINGS, MT 59845.0"
MT,county,Sanders,DIXON,9-Dixon-HD14,#9,DIXON SENIOR CITIZENS CENTER,"35 3RD ST, DIXON, MT 59831.0"
MT,county,Sheridan,WESTBY,1 WESTBY,1_PREC,WESTBY COMMUNITY HALL,"208 MAIN ST, WESTBY, MT 59275.0"
MT,county,Sheridan,MEDICINE LAKE,2 MEDICINE LAKE,2_PREC,MEDICINE LAKE FIRE STATION,"106 MAIN ST, MEDICINE LAKE, MT 59247.0"
MT,county,Sheridan,PLENTYWOOD,3 PLENTYWOOD WEST,3_PREC,CIVIC CENTER,"4262 C HWY 16 S, PLENTYWOOD, MT 59254.0"
MT,county,Sheridan,PLENTYWOOD,4 PLENTYWOOD EAST,4_PREC,CIVIC CENTER,"4262 C HWY 16 S, PLENTYWOOD, MT 59254.0"
MT,county,Sheridan,PLENTYWOOD,5 PLENTYWOOD RURAL WEST,5_PREC,CIVIC CENTER,"4262 C HWY 16 S, PLENTYWOOD, MT 59254.0"
MT,county,Sheridan,PLENTYWOOD,6 PLENTYWOOD RURAL EAST,6_PREC,CIVIC CENTER,"4262 C HWY 16 S, PLENTYWOOD, MT 59254.0"
MT,county,Silver Bow,BUTTE,PREC_1,CC-1,CIVIC CENTER,"1340 HARRISON AVE, BUTTE, MT 59701.0"
MT,county,Silver Bow,BUTTE,PREC_10N,CC-10N,CIVIC CENTER,"1340 HARRISON AVE, BUTTE, MT 59701.0"
MT,county,Silver Bow,BUTTE,PREC_10S,CC-10S,CIVIC CENTER,"1340 HARRISON AVE, BUTTE, MT 59701.0"
MT,county,Silver Bow,BUTTE,PREC_11,CC-11,CIVIC CENTER,"1340 HARRISON AVE, BUTTE, MT 59701.0"
MT,county,Silver Bow,BUTTE,PREC_12E,CC-12E,CIVIC CENTER,"1340 HARRISON AVE, BUTTE, MT 59701.0"
MT,county,Silver Bow,BUTTE,PREC_12W,CC-12W,CIVIC CENTER,"1340 HARRISON AVE, BUTTE, MT 59701.0"
MT,county,Silver Bow,BUTTE,PREC_14,CC-14,CIVIC CENTER,"1340 HARRISON AVE, BUTTE, MT 59701.0"
MT,county,Silver Bow,BUTTE,PREC_16,CC-16,CIVIC CENTER,"1340 HARRISON AVE, BUTTE, MT 59701.0"
MT,county,Silver Bow,BUTTE,PREC_17,CC-17,CIVIC CENTER,"1340 HARRISON AVE, BUTTE, MT 59701.0"
MT,county,Silver Bow,BUTTE,PREC_18,CC-18,CIVIC CENTER,"1340 HARRISON AVE, BUTTE, MT 59701.0"
MT,county,Silver Bow,BUTTE,PREC_19N,CC-19N,CIVIC CENTER,"1340 HARRISON AVE, BUTTE, MT 59701.0"
MT,county,Silver Bow,BUTTE,PREC_19S,CC-19S,CIVIC CENTER,"1340 HARRISON AVE, BUTTE, MT 59701.0"
MT,county,Silver Bow,Rocker,PREC_19W,CC-19W,ROCKER FIRE HALL,"1110 GRIZZLY TRAIL, Rocker, MT 59701.0"
MT,county,Silver Bow,BUTTE,PREC_21,CC-21,CIVIC CENTER,"1340 HARRISON AVE, BUTTE, MT 59701.0"
MT,county,Silver Bow,BUTTE,PREC_22,CC-22,CIVIC CENTER,"1340 HARRISON AVE, BUTTE, MT 59701.0"
MT,county,Silver Bow,Rocker,PREC_26E,CC-26E,ROCKER FIRE HALL,"1110 GRIZZLY TRAIL, Rocker, MT 59701.0"
MT,county,Silver Bow,Rocker,PREC_26W,CC-26W,ROCKER FIRE HALL,"1110 GRIZZLY TRAIL, Rocker, MT 59701.0"
MT,county,Silver Bow,RAMSAY,PREC_27N,CC-27N,RAMSAY SCHOOL,"3 RUSSELL, RAMSAY, MT 59748.0"
MT,county,Silver Bow,RAMSAY,PREC_27S,CC-27S,RAMSAY SCHOOL,"3 RUSSELL, RAMSAY, MT 59748.0"
MT,county,Silver Bow,DIVIDE,PREC_28,CC-28,DIVIDE GRANGE HALL,"105 SCHOOLHOUSE RD, DIVIDE, MT 59727.0"
MT,county,Silver Bow,MELROSE,PREC_29,CC-29,MELROSE SCHOOL,"377 HECLA STREET, MELROSE, MT 59743.0"
MT,county,Silver Bow,BUTTE,PREC_2E,CC-2E,CIVIC CENTER,"1340 HARRISON AVE., BUTTE, MT 59701.0"
MT,county,Silver Bow,BUTTE,PREC_2W,CC-2W,CIVIC CENTER,"1340 HARRISON AVE., BUTTE, MT 59701.0"
MT,county,Silver Bow,BUTTE,PREC_3,CC-3,CIVIC CENTER,"1340 HARRISON AVE., BUTTE, MT 59701.0"
MT,county,Silver Bow,BUTTE,PREC_4,CC-4,CIVIC CENTER,"1340 HARRISON AVE., BUTTE, MT 59701.0"
MT,county,Silver Bow,BUTTE,PREC_6,CC-6,CIVIC CENTER,"1340 HARRISON AVE., BUTTE, MT 59701.0"
MT,county,Silver Bow,BUTTE,PREC_8E,CC-8E,CIVIC CENTER,"1340 HARRISON AVE., BUTTE, MT 59701.0"
MT,county,Silver Bow,BUTTE,PREC_8W,CC-8W,CIVIC CENTER,"1340 HARRISON AVE., BUTTE, MT 59701.0"
MT,county,Silver Bow,BUTTE,PREC_9E,CC-9E,CIVIC CENTER,"1340 HARRISON AVE., BUTTE, MT 59701.0"
MT,county,Silver Bow,BUTTE,PREC_9N,CC-9N,CIVIC CENTER,"1340 HARRISON AVE., BUTTE, MT 59701.0"
MT,county,Silver Bow,BUTTE,PREC_9W,CC-9W,CIVIC CENTER,"1340 HARRISON AVE., BUTTE, MT 59701.0"
MT,county,Stillwater,COLUMBUS,COLUMBUS PRECINCT 1,PREC_1,STILLWATER PAVILLION,"328 E 5TH AVE N, COLUMBUS, MT 59019.0"
MT,county,Stillwater,NYE,NYE PRECINCT 10,PREC_10,NYE FIRE HALL,"2033 NYE ROAD, NYE, MT 59061.0"
MT,county,Stillwater,FISHTAIL,FISHTAIL PRECINCT 11,PREC_11,FISHTAIL COMMUNITY CENTER,"21 WEST MAIN STREET, FISHTAIL, MT 59028.0"
MT,county,Stillwater,ABSAROKEE,ABSAROKEE PRECINCT 13,PREC_13,ABSAROKEE ELEM SCHOOL GYM,"130 S. MONTANA AVE., ABSAROKEE, MT 59001.0"
MT,county,Stillwater,PARK CITY,PARK CITY PRECINCT 2,PREC_2,PARK CITY CIVIC CENTER,"21 2ND AVE. SW, PARK CITY, MT 59063.0"
MT,county,Stillwater,REED POINT,REED POINT PRECINCT 4,PREC_4,REED POINT HIGH SCHOOL LIBRARY,"308 CENTRAL AVENUE W, REED POINT, MT 59069.0"
MT,county,Stillwater,MOLT,MOLT PRECINCT 7,PREC_7,MOLT SCHOOL,"214 LAKE AVE., MOLT, MT 59057.0"
MT,county,Stillwater,RAPELJE,RAPELJE PRECINCT 9,PREC_9,RAPELJE HIGH SCHOOL,"714 MAIN, RAPELJE, MT 59067.0"
MT,county,Sweet Grass,BIG TIMBER,PRECINCT 1,PREC_1,CIVIC CENTER,"301 HOOPER ST, BIG TIMBER, MT 59647.0"
MT,county,Sweet Grass,BIG TIMBER,PRECINCT 2,PREC_2,CIVIC CENTER,"301 HOOPER ST, BIG TIMBER, MT 59330.0"
MT,county,Sweet Grass,BIG TIMBER,PRECINCT 3,PREC_3,CIVIC CENTER,"301 HOOPER ST, BIG TIMBER, MT 59316.0"
MT,county,Sweet Grass,BIG TIMBER,PRECINCT 4,PREC_4,CIVIC CENTER,"301 HOOPER ST, BIG TIMBER, MT 59330.0"
MT,county,Sweet Grass,BIG TIMBER,PRECINCT 5,PREC_5,CIVIC CENTER,"301 HOOPER ST, BIG TIMBER, MT 59259.0"
MT,county,Teton,CHOTEAU,PRECINCT #1,PREC_1,TETON COUNTY ANNEX BUILDING,"19 MAIN AVE. SOUTH, CHOTEAU, MT 59422.0"
MT,county,Teton,PENDROY,PRECINCT #11,PREC_11,PENDROY FIRE DEPARTMENT,"119 MAIN AVE, PENDROY, MT 59467.0"
MT,county,Teton,DUTTON,PRECINCT #17,PREC_17,DUTTON AMERICAN LEGION,"201 MAIN STREET EAST, DUTTON, MT 59433.0"
MT,county,Teton,POWER,PRECINCT #6,PREC_6,POWER PUBLIC SCHOOL,"402 TETON, POWER, MT 59468.0"
MT,county,Teton,FAIRFIELD,PRECINCT #7,PREC_7,FAIRFIELD TOWN HALL,"603 CENTRAL, FAIRFIELD, MT 59436.0"
MT,county,Toole,GALATA,DEVON-GALATA,DEV-GAL,GAL HALL,"4 DIVISION STREET, GALATA, MT 59444.0"
MT,county,Toole,KEVIN,KEVIN,KEVIN,K DEPOT,"4 NORTH 1ST STREET, KEVIN, MT 59454.0"
MT,county,Toole,SHELBY,SHELBY CITY,SHE-CTY,CIVIC CNT,"669 PARK AVE, SHELBY, MT 59474.0"
MT,county,Toole,SHELBY,SHELBY RURAL,SHEL-R,CIVIC CNT,"669 PARK AVE, SHELBY, MT 59474.0"
MT,county,Toole,SUNBURST,SUNBURST,SUNBRST,ELEM SCH,"220 1ST STREET SOUTH, SUNBURST, MT 59482.0"
MT,county,Treasure,HYSHAM,PRECINCT # 3,PREC_3,T.C. COMMUNITY CENTER (PCT.3),"306 RAPELJE, HYSHAM, MT 59038.0"
MT,county,Treasure,HYSHAM,PRECINCT # 4,PREC_4,T.C. COURTHOUSE COURTROOM (PCT. 4),"307 RAPELJE, HYSHAM, MT 59038.0"
MT,county,Treasure,HYSHAM,PRECINCT # 6,PREC_6,T.C. COMMUNITY CENTER (PCT 6),"306 RAPELJE, HYSHAM, MT 59038.0"
MT,county,Valley,GLASGOW,31 FTP FRZ,31,GLASGOW CIVIC CENTER 31,"319 3RD ST S, GLASGOW, MT 59230.0"
MT,county,Valley,GLASGOW,33 GLS HIN,33,GLASGOW CIVIC CENTER 33,"319 3RD ST S, GLASGOW, MT 59230.0"
MT,county,Valley,GLASGOW,34 LUS OPH NAS GNE,34,GLASGOW CIVIC CENTER 34,"319 3RD ST S, GLASGOW, MT 59230.0"
MT,county,Wheatland,TWO DOT,PRECINCT 1,1,PREC 1 COMMUNITY CLUB,"TWO DOT HIGHWAY, TWO DOT, MT 59085.0"
MT,county,Wheatland,HARLOWTON,PRECINCT 2,2,PREC 2 HARLOWTON HIGH SCHOOL,"304 E. DIVISION, HARLOWTON, MT 59036.0"
MT,county,Wheatland,SHAWMUT,PRECINCT 3,3,PREC 3 SHAWMUT SCHOOL,"1 EAST 3RD AVE, SHAWMUT, MT 59078.0"
MT,county,Wheatland,JUDITH GAP,PRECINCT 4,4,PREC 4 CITY COMPLEX,"601 MEAGHER ST, JUDITH GAP, MT 59453.0"
MT,county,Wheatland,HARLOWTON,PRECINCT 9,9,PREC 9 HARLOWTON HIGH SCHOOL,"304 E. DIVISION, HARLOWTON, MT 59036.0"
MT,county,Wibaux,WIBAUX,PRECINCT #1,1,COURTROOM 1,"203 WIBAUX ST S, WIBAUX, MT 59353.0"
MT,county,Yellowstone,CUSTER,39.1,39.1,CUSTER SCHOOL GYM,"210 2ND AVENUE, CUSTER, MT 59024.0"
MT,county,Yellowstone,WORDEN,39.2,39.2,HUNTLEY PROJECT ELEM. GYM,"1477 ASH STREET, WORDEN, MT 59088.0"
MT,county,Yellowstone,BILLINGS,40-45 [40],40-45,INDEPENDENT SCHOOL,"2907 ROUNDUP ROAD, BILLINGS, MT 59105.0"
MT,county,Yellowstone,SHEPHERD,40.1,40.1,SHEPHERD H.S.,"7842 SHEPHERD ROAD, SHEPHERD, MT 59079.0"
MT,county,Yellowstone,BROADVIEW,40.3,40.3,BROADVIEW COMMUNITY CENTER,"13725 5TH, BROADVIEW, MT 59015.0"
MT,county,Yellowstone,BILLINGS,40.4,40.4,ELDER GROVE SCHOOL,"1532 S 64TH ST WEST, BILLINGS, MT 59106.0"
MT,county,Yellowstone,LAUREL,40.5,40.5,LAUREL H.S.,"203 E 8TH, LAUREL, MT 59044.0"
MT,county,Yellowstone,HUNTLEY,42.1,42.1,YELLOWSTONE VALLEY ELEC. CO-OP,"150 COOPERATIVE WAY, HUNTLEY, MT 59037.0"
MT,county,Yellowstone,BILLINGS,42.2,42.2,LOCKWOOD SCHL,"1932 US HWY 87, BILLINGS, MT 59101.0"
MT,county,Yellowstone,BILLINGS,43.1,43.1,PIONEER SCHOOL,"1937 DOVER ROAD, BILLINGS, MT 59105.0"
MT,county,Yellowstone,BILLINGS,43.2,43.2,METRA PARK,"308 6TH AVENUE NORTH, BILLINGS, MT 59101.0"
MT,county,Yellowstone,BILLINGS,43.3,43.3,METRA PARK,"308 6TH AVENUE NORTH, BILLINGS, MT 59101.0"
MT,county,Yellowstone,BILLINGS,44.1,44.1,METRA PARK,"308 6TH AVENUE NORTH, BILLINGS, MT 59101.0"
MT,county,Yellowstone,BILLINGS,44.2,44.2,METRA PARK,"308 6TH AVENUE NORTH, BILLINGS, MT 59101.0"
MT,county,Yellowstone,BILLINGS,44.3,44.3,METRA PARK,"308 6TH AVENUE NORTH, BILLINGS, MT 59101.0"
MT,county,Yellowstone,BILLINGS,40-45 [45],40-45,INDEPENDENT SCHOOL,"2907 ROUNDUP ROAD, BILLINGS, MT 59105.0"
MT,county,Yellowstone,BILLINGS,45.2,45.2,METRA PARK,"308 6TH AVENUE NORTH, BILLINGS, MT 59101.0"
MT,county,Yellowstone,BILLINGS,46.1,46.1,METRA PARK,"308 6TH AVENUE NORTH, BILLINGS, MT 59101.0"
MT,county,Yellowstone,BILLINGS,46.2,46.2,METRA PARK,"308 6TH AVENUE NORTH, BILLINGS, MT 59101.0"
MT,county,Yellowstone,BILLINGS,47.1,47.1,METRA PARK,"308 6TH AVENUE NORTH, BILLINGS, MT 59101.0"
MT,county,Yellowstone,BILLINGS,47.2,47.2,METRA PARK,"308 6TH AVENUE NORTH, BILLINGS, MT 59101.0"
MT,county,Yellowstone,BILLINGS,48.1,48.1,METRA PARK,"308 6TH AVENUE NORTH, BILLINGS, MT 59101.0"
MT,county,Yellowstone,BILLINGS,48.2,48.2,METRA PARK,"308 6TH AVENUE NORTH, BILLINGS, MT 59101.0"
MT,county,Yellowstone,BILLINGS,49.1,49.1,METRA PARK,"308 6TH AVENUE NORTH, BILLINGS, MT 59101.0"
MT,county,Yellowstone,BILLINGS,49.2,49.2,METRA PARK,"308 6TH AVENUE NORTH, BILLINGS, MT 59101.0"
MT,county,Yellowstone,BILLINGS,50.1,50.1,METRA PARK,"308 6TH AVENUE NORTH, BILLINGS, MT 59101.0"
MT,county,Yellowstone,BILLINGS,50.2,50.2,METRA PARK,"308 6TH AVENUE NORTH, BILLINGS, MT 59101.0"
MT,county,Yellowstone,BILLINGS,51.1,51.1,METRA PARK,"308 6TH AVENUE NORTH, BILLINGS, MT 59101.0"
MT,county,Yellowstone,BILLINGS,51.2,51.2,ELYSIAN SCHOOL,"6416 ELYSIAN ROAD, BILLINGS, MT 59101.0"
MT,county,Yellowstone,BILLINGS,51.3,51.3,METRA PARK,"308 6TH AVENUE NORTH, BILLINGS, MT 59101.0"
MT,county,Yellowstone,BILLINGS,52.1,52.1,METRA PARK,"308 6TH AVENUE NORTH, BILLINGS, MT 59101.0"
MT,county,Yellowstone,BILLINGS,52.2,52.2,METRA PARK,"308 6TH AVENUE NORTH, BILLINGS, MT 59101.0"
MT,county,Yellowstone,BILLINGS,53.1,53.1,METRA PARK,"308 6TH AVENUE NORTH, BILLINGS, MT 59101.0"
MT,county,Yellowstone,BILLINGS,53.2,53.2,ELDER GROVE SCHOOL,"1532 S 64TH ST WEST, BILLINGS, MT 59106.0"
MT,county,Yellowstone,LAUREL,53.3,53.3,LAUREL H.S.,"203 E 8TH, LAUREL, MT 59044.0"
MT,county,Yellowstone,BILLINGS,54.1,54.1,METRA PARK,"308 6TH AVENUE NORTH, BILLINGS, MT 59101.0"
MT,county,Yellowstone,BILLINGS,54.2,54.2,CANYON CREEK SCHOOL,"3139 DUCK CREEK ROAD, BILLINGS, MT 59101.0"
MT,county,Yellowstone,BILLINGS,55.1,55.1,BLUE CREEK SCHOOL,"3652 BLUE CREEK ROAD, BILLINGS, MT 59101.0"
MT,county,Yellowstone,BILLINGS,55.2,55.2,CANYON CREEK SCHOOL,"3139 DUCK CREEK ROAD, BILLINGS, MT 59101.0"
MT,county,Yellowstone,LAUREL,55.3,55.3,LAUREL H.S.,"203 E 8TH , LAUREL, MT 59044.0"
MT,county,Yellowstone,LAUREL,55.4,55.4,LAUREL H.S.,"203 E 8TH , LAUREL, MT 59044.0"
MT,county,Yellowstone,LAUREL,55.5,55.5,LAUREL H.S.,"203 E 8TH , LAUREL, MT 59044.0"
MT,county,Yellowstone,HUNTLEY,56.1,56.1,YELLOWSTONE VALLEY ELEC. CO-OP,"150 COOPERATIVE WAY, HUNTLEY, MT 59037.0"
MT,county,Yellowstone,BILLINGS,56.2,56.2,LOCKWOOD SCHL,"1932 US HWY 87, BILLINGS, MT 59101.0"
MT,county,Yellowstone,BILLINGS,56.3,56.3,BLUE CREEK SCHOOL,"3652 BLUE CREEK ROAD, BILLINGS, MT 59101.0"
