election_date,state,county_name,jurisdiction,jurisdiction_type,precinct_id,precinct_name,polling_place_id,location_type,name,address,notes,source,source_date,source_notes
2020-11-03,MD,Allegany,Allegany,county,,,,vote_center,"Allegany County Office Complex, Room 100","701 Kelly Road, Cumberland, MD 21502",,ORR,2020-11-01,
2020-11-03,MD,Allegany,Allegany,county,,,,vote_center,Allegany High School,"900 Seton Drive, Cumberland, MD 21502",,ORR,2020-11-01,
2020-11-03,MD,Allegany,Allegany,county,,,,vote_center,Flintstone Volunteer Fire Dept,"21701 Flintstone Drive NE, Flintstone, MD 21530",,ORR,2020-11-01,
2020-11-03,MD,Allegany,Allegany,county,,,,vote_center,Fort Hill High School,"500 Greenway Avenue, Cumberland, MD 21502",,ORR,2020-11-01,
2020-11-03,MD,Allegany,Allegany,county,,,,vote_center,Mountain Ridge High School,"100 Dr. Nancy S Grasmick Lane, Frostburg, MD 21532",,ORR,2020-11-01,
2020-11-03,MD,Allegany,Allegany,county,,,,vote_center,Westmar Middle School,"16915 Lower Georges Creek Road SW, Lonaconing, MD 21539",,ORR,2020-11-01,
2020-11-03,MD,Anne Arundel,Anne Arundel,county,,,,vote_center,Annapolis High School,"2700 Riva Road, Annapolis, MD 21401",,ORR,2020-11-01,
2020-11-03,MD,Anne Arundel,Anne Arundel,county,,,,vote_center,Arnold Elementary School,"95 E Joyce Lane, Arnold, MD 21012",,ORR,2020-11-01,
2020-11-03,MD,Anne Arundel,Anne Arundel,county,,,,vote_center,Arundel High School,"1001 Annapolis Road, Gambrills, MD 21054",,ORR,2020-11-01,
2020-11-03,MD,Anne Arundel,Anne Arundel,county,,,,vote_center,Bates Middle School,"701 Chase Street, Annapolis, MD 21401",,ORR,2020-11-01,
2020-11-03,MD,Anne Arundel,Anne Arundel,county,,,,vote_center,Broadneck High School,"1265 Green Holly Drive, Annapolis, MD 21409",,ORR,2020-11-01,
2020-11-03,MD,Anne Arundel,Anne Arundel,county,,,,vote_center,Brock Bridge Elementary School,"405 Brock Bridge Road, Laurel, MD 20724",,ORR,2020-11-01,
2020-11-03,MD,Anne Arundel,Anne Arundel,county,,,,vote_center,Brooklyn Park Middle School,"200 Hammonds Lane, Baltimore, MD 21225",,ORR,2020-11-01,
2020-11-03,MD,Anne Arundel,Anne Arundel,county,,,,vote_center,Chesapeake High School,"4798 Mountain Road, Pasadena, MD 21122",,ORR,2020-11-01,
2020-11-03,MD,Anne Arundel,Anne Arundel,county,,,,vote_center,Chesapeake Science Point Charter School,"7321 Parkway Drive South, Hanover, MD 21076",,ORR,2020-11-01,
2020-11-03,MD,Anne Arundel,Anne Arundel,county,,,,vote_center,Corkran Middle School,"7600 Quarterfield Road, Glen Burnie, MD 21061",,ORR,2020-11-01,
2020-11-03,MD,Anne Arundel,Anne Arundel,county,,,,vote_center,Crofton Elementary School,"1405 Duke of Kent Drive, Crofton, MD 21114",,ORR,2020-11-01,
2020-11-03,MD,Anne Arundel,Anne Arundel,county,,,,vote_center,Crofton Middle School,"2301 Davidsonville Road, Gambrills, MD 21054",,ORR,2020-11-01,
2020-11-03,MD,Anne Arundel,Anne Arundel,county,,,,vote_center,Earleigh Heights Volunteer Fire Hall,"161 Ritchie Highway, Severna Park, MD 21146",,ORR,2020-11-01,
2020-11-03,MD,Anne Arundel,Anne Arundel,county,,,,vote_center,Glen Burnie High School,"7550 Baltimore Annapolis Boulevard, Glen Burnie, MD 21060",,ORR,2020-11-01,
2020-11-03,MD,Anne Arundel,Anne Arundel,county,,,,vote_center,Heritage Community Church,"8146 Quarterfield Road, Severn, MD 21144",,ORR,2020-11-01,
2020-11-03,MD,Anne Arundel,Anne Arundel,county,,,,vote_center,Lindale Middle School,"415 Andover Road, Linthicum, MD 21090",,ORR,2020-11-01,
2020-11-03,MD,Anne Arundel,Anne Arundel,county,,,,vote_center,Magothy River Middle School,"241 Peninsula Farm Road #1052, Arnold, MD 21012",,ORR,2020-11-01,
2020-11-03,MD,Anne Arundel,Anne Arundel,county,,,,vote_center,Marley Middle School,"10 Davis Court, Glen Burnie, MD 21060",,ORR,2020-11-01,
2020-11-03,MD,Anne Arundel,Anne Arundel,county,,,,vote_center,Meade High School,"1100 Clark Road, Ft Meade, MD 20755",,ORR,2020-11-01,
2020-11-03,MD,Anne Arundel,Anne Arundel,county,,,,vote_center,Millersville Elementary School,"1601 Millersville Road, Millersville, MD 21108",,ORR,2020-11-01,
2020-11-03,MD,Anne Arundel,Anne Arundel,county,,,,vote_center,North County High School,"10 East 1st Avenue, Glen Burnie, MD 21061",,ORR,2020-11-01,
2020-11-03,MD,Anne Arundel,Anne Arundel,county,,,,vote_center,Northeast High School,"1121 Duvall Highway, Pasadena, MD 21122",,ORR,2020-11-01,
2020-11-03,MD,Anne Arundel,Anne Arundel,county,,,,vote_center,Old Mill High School,"600 Patriot Lane, Millersville, MD 21108",,ORR,2020-11-01,
2020-11-03,MD,Anne Arundel,Anne Arundel,county,,,,vote_center,Pip Moyer Recreation Center,"273 Hilltop Lane, Annapolis, MD 21403",,ORR,2020-11-01,
2020-11-03,MD,Anne Arundel,Anne Arundel,county,,,,vote_center,Rolling Knolls Elementary School,"1985 Valley Road, Annapolis, MD 21401",,ORR,2020-11-01,
2020-11-03,MD,Anne Arundel,Anne Arundel,county,,,,vote_center,Severna Park High School,"60 Robinson Road, Severna Park, MD 21146",,ORR,2020-11-01,
2020-11-03,MD,Anne Arundel,Anne Arundel,county,,,,vote_center,Solley Elementary School,"7608 Solley Road, Glen Burnie, MD 21060",,ORR,2020-11-01,
2020-11-03,MD,Anne Arundel,Anne Arundel,county,,,,vote_center,South River High School,"201 Central Avenue East, Edgewater, MD 21037",,ORR,2020-11-01,
2020-11-03,MD,Anne Arundel,Anne Arundel,county,,,,vote_center,Southern High School,"4400 Solomons Island Road, Harwood, MD 20776",,ORR,2020-11-01,
2020-11-03,MD,Anne Arundel,Anne Arundel,county,,,,vote_center,Southern Middle School,"5235 Solomons Island Road, Lothian, MD 20711",,ORR,2020-11-01,
2020-11-03,MD,Anne Arundel,Anne Arundel,county,,,,vote_center,Van Bokkelen Elementary School,"1140 Reece Road, Severn, MD 21144",,ORR,2020-11-01,
2020-11-03,MD,Baltimore City,Baltimore City,county,,,,vote_center,Academy for College and Career Exploration School 427,"1300 W 36th Street, Baltimore, MD 21211",,ORR,2020-11-01,
2020-11-03,MD,Baltimore City,Baltimore City,county,,,,vote_center,Achievement Academy at Harbor City High School 413,"2201 Pinewood Avenue, Baltimore, MD 21214",,ORR,2020-11-01,
2020-11-03,MD,Baltimore City,Baltimore City,county,,,,vote_center,Baltimore City Community College (BCCC) - Gymnasium,"2901 Liberty Heights Avenue, Baltimore, MD 21215",,ORR,2020-11-01,
2020-11-03,MD,Baltimore City,Baltimore City,county,,,,vote_center,Barclay Elem School 54,"2900 Barclay Street, Baltimore, MD 21218",,ORR,2020-11-01,
2020-11-03,MD,Baltimore City,Baltimore City,county,,,,vote_center,Benjamin Franklin High School at Masonville Cove 239,"1201 Cambria Street, Baltimore, MD 21225",,ORR,2020-11-01,
2020-11-03,MD,Baltimore City,Baltimore City,county,,,,vote_center,Carver Vocational-Technical High School 454,"2201 Presstman Street, Baltimore, MD 21216",,ORR,2020-11-01,
2020-11-03,MD,Baltimore City,Baltimore City,county,,,,vote_center,Cross Country @ Northwestern School 247,"6900 Park Heights Avenue, Baltimore, MD 21215",,ORR,2020-11-01,
2020-11-03,MD,Baltimore City,Baltimore City,county,,,,vote_center,Dickey Hill Elementary/Middle School 201,"5025 Dickey Hill Road, Baltimore, MD 21207",,ORR,2020-11-01,
2020-11-03,MD,Baltimore City,Baltimore City,county,,,,vote_center,Digital Harbor High School 416,"1100 Covington Street, Baltimore, MD 21230",,ORR,2020-11-01,
2020-11-03,MD,Baltimore City,Baltimore City,county,,,,vote_center,Edmondson High School 400,"501 N Athol Avenue, Baltimore, MD 21229",,ORR,2020-11-01,
2020-11-03,MD,Baltimore City,Baltimore City,county,,,,vote_center,Forest Park High School 406,"3701 Eldorado Avenue, Baltimore, MD 21207",,ORR,2020-11-01,
2020-11-03,MD,Baltimore City,Baltimore City,county,,,,vote_center,Holabird Academy 229,"1500 Imla Street, Baltimore, MD 21224",,ORR,2020-11-01,
2020-11-03,MD,Baltimore City,Baltimore City,county,,,,vote_center,Leith Walk Elementary/Mid School 245,"5915 Glennor Road, Baltimore, MD 21239",,ORR,2020-11-01,
2020-11-03,MD,Baltimore City,Baltimore City,county,,,,vote_center,Morgan State University - Hurt Gymnasium,"1700 E Cold Spring Lane, Baltimore, MD 21251",,ORR,2020-11-01,
2020-11-03,MD,Baltimore City,Baltimore City,county,,,,vote_center,Mount Pleasant Church and Ministries,"6000 Radecke Avenue, Baltimore, MD 21206",,ORR,2020-11-01,
2020-11-03,MD,Baltimore City,Baltimore City,county,,,,vote_center,New Era Academy,"2700 Seamon Avenue, Baltimore, MD 21225",,ORR,2020-11-01,
2020-11-03,MD,Baltimore City,Baltimore City,county,,,,vote_center,Oriole Park @ Camden Yards - Dempsey Restaurant,"333 W Camden Street, Baltimore, MD 21201",,ORR,2020-11-01,
2020-11-03,MD,Baltimore City,Baltimore City,county,,,,vote_center,Patterson High School 405,"100 Kane Street, Baltimore, MD 21224",,ORR,2020-11-01,
2020-11-03,MD,Baltimore City,Baltimore City,county,,,,vote_center,Paul Laurence Dunbar High School 414,"1400 Orleans Street, Baltimore, MD 21231",,ORR,2020-11-01,
2020-11-03,MD,Baltimore City,Baltimore City,county,,,,vote_center,Reach! Partnership School 341,"2555 Harford Road, Baltimore, MD 21218",,ORR,2020-11-01,
2020-11-03,MD,Baltimore City,Baltimore City,county,,,,vote_center,Renaissance Academy 433,"1301 McCulloh Street, Baltimore, MD 21217",,ORR,2020-11-01,
2020-11-03,MD,Baltimore City,Baltimore City,county,,,,vote_center,Southeast Anchor Library,"3601 Eastern Avenue, Baltimore, MD 21224",,ORR,2020-11-01,
2020-11-03,MD,Baltimore City,Baltimore City,county,,,,vote_center,Violetville Elementary/Middle School 226,"1207 Pine Heights Avenue, Baltimore, MD 21229",,ORR,2020-11-01,
2020-11-03,MD,Baltimore City,Baltimore City,county,,,,vote_center,Western High School 407,"4600 Falls Road, Baltimore, MD 21209",,ORR,2020-11-01,
2020-11-03,MD,Baltimore County,Baltimore County,county,,,,vote_center,Arbutus Recreation Center,"865 Sulphur Spring Road, Halethorpe, MD 21227",,ORR,2020-11-01,
2020-11-03,MD,Baltimore County,Baltimore County,county,,,,vote_center,Catonsville High School,"421 Bloomsbury Avenue, Baltimore, MD 21228",,ORR,2020-11-01,
2020-11-03,MD,Baltimore County,Baltimore County,county,,,,vote_center,Catonsville Middle School,"2301 Edmondson Avenue, Baltimore, MD 21228",,ORR,2020-11-01,
2020-11-03,MD,Baltimore County,Baltimore County,county,,,,vote_center,Chatsworth Elementary School,"222 New Avenue, Reisterstown, MD 21136",,ORR,2020-11-01,
2020-11-03,MD,Baltimore County,Baltimore County,county,,,,vote_center,Chesapeake High School,"1801 Turkey Point Road, Baltimore, MD 21221",,ORR,2020-11-01,
2020-11-03,MD,Baltimore County,Baltimore County,county,,,,vote_center,Colgate Elementary School,"401 51st Street, Baltimore, MD 21224",,ORR,2020-11-01,
2020-11-03,MD,Baltimore County,Baltimore County,county,,,,vote_center,County Campus Metro Centre at Owings Mills,"10302 Grand Central Avenue, Owings Mills, MD 21117",,ORR,2020-11-01,
2020-11-03,MD,Baltimore County,Baltimore County,county,,,,vote_center,Dulaney High School,"255 East Padonia Road, Lutherville, MD 21093",,ORR,2020-11-01,
2020-11-03,MD,Baltimore County,Baltimore County,county,,,,vote_center,Dundalk High School,"1901 Delvale Avenue, Baltimore, MD 21222",,ORR,2020-11-01,
2020-11-03,MD,Baltimore County,Baltimore County,county,,,,vote_center,Eastern Technical High School,"1100 Mace Avenue, Baltimore, MD 21221",,ORR,2020-11-01,
2020-11-03,MD,Baltimore County,Baltimore County,county,,,,vote_center,Franklin High School,"12000 Reisterstown Road, Reisterstown, MD 21136",,ORR,2020-11-01,
2020-11-03,MD,Baltimore County,Baltimore County,county,,,,vote_center,George Washington Carver Center for Arts & Technology,"938 York Road, Baltimore, MD 21204",,ORR,2020-11-01,
2020-11-03,MD,Baltimore County,Baltimore County,county,,,,vote_center,Hereford High School,"17301 York Road, Parkton, MD 21120",,ORR,2020-11-01,
2020-11-03,MD,Baltimore County,Baltimore County,county,,,,vote_center,Honeygo Elementary School,"4816 E Joppa Road, Perry Hall, MD 21138",,ORR,2020-11-01,
2020-11-03,MD,Baltimore County,Baltimore County,county,,,,vote_center,Honeygo Run Community Center,"9033 Honeygo Boulevard, Perry Hall, MD 21128",,ORR,2020-11-01,
2020-11-03,MD,Baltimore County,Baltimore County,county,,,,vote_center,Jacksonville Recreation Center at Sweet Air Park,"3605 B Sweet Air Road, Jacksonville, MD 21131",,ORR,2020-11-01,
2020-11-03,MD,Baltimore County,Baltimore County,county,,,,vote_center,Lansdowne Elementary School,"2301 Alma Road, Baltimore, MD 21227",,ORR,2020-11-01,
2020-11-03,MD,Baltimore County,Baltimore County,county,,,,vote_center,Loch Raven High School,"1212 Cowpens Avenue, Baltimore, MD 21286",,ORR,2020-11-01,
2020-11-03,MD,Baltimore County,Baltimore County,county,,,,vote_center,Milford Mill Academy,"3800 Washington Avenue, Baltimore, MD 21244",,ORR,2020-11-01,
2020-11-03,MD,Baltimore County,Baltimore County,county,,,,vote_center,New Town High School,"4931 New Town Boulevard, Owings Mills, MD 21117",,ORR,2020-11-01,
2020-11-03,MD,Baltimore County,Baltimore County,county,,,,vote_center,Oregon Ridge Lodge,"13401 Beaver Dam Road, Cockeysville, MD 21030",,ORR,2020-11-01,
2020-11-03,MD,Baltimore County,Baltimore County,county,,,,vote_center,Orems Elementary School,"711 High Villa Road, Baltimore, MD 21221",,ORR,2020-11-01,
2020-11-03,MD,Baltimore County,Baltimore County,county,,,,vote_center,Overlea High School,"5401 Kenwood Avenue, Baltimore, MD 21206",,ORR,2020-11-01,
2020-11-03,MD,Baltimore County,Baltimore County,county,,,,vote_center,Owings Mills High School,"124 Tollgate Road, Owings Mills, MD 21117",,ORR,2020-11-01,
2020-11-03,MD,Baltimore County,Baltimore County,county,,,,vote_center,Parkville High School,"2600 Putty Hill Avenue, Baltimore, MD 21234",,ORR,2020-11-01,
2020-11-03,MD,Baltimore County,Baltimore County,county,,,,vote_center,Patapsco High School,"8100 Wise Avenue, Baltimore, MD 21222",,ORR,2020-11-01,
2020-11-03,MD,Baltimore County,Baltimore County,county,,,,vote_center,Perry Hall High School,"4601 Ebenezer Road, Baltimore, MD 21236",,ORR,2020-11-01,
2020-11-03,MD,Baltimore County,Baltimore County,county,,,,vote_center,Pikesville High School,"7621 Labyrinth Road, Baltimore, MD 21208",,ORR,2020-11-01,
2020-11-03,MD,Baltimore County,Baltimore County,county,,,,vote_center,Randallstown Community Center,"3505 Resource Drive, Randallstown, MD 21133",,ORR,2020-11-01,
2020-11-03,MD,Baltimore County,Baltimore County,county,,,,vote_center,Randallstown High School,"4000 Offutt Road, Randallstown, MD 2113",,ORR,2020-11-01,
2020-11-03,MD,Baltimore County,Baltimore County,county,,,,vote_center,Red House Run Elementary School,"1717 Weyburn Road, Baltimore, MD 21237",,ORR,2020-11-01,
2020-11-03,MD,Baltimore County,Baltimore County,county,,,,vote_center,Reisterstown Senior Center,"12035 Reisterstown Road, Reisterstown, MD 21136",,ORR,2020-11-01,
2020-11-03,MD,Baltimore County,Baltimore County,county,,,,vote_center,Seventh District Elementary School,"20300 York Road, Parkton, MD 21129",,ORR,2020-11-01,
2020-11-03,MD,Baltimore County,Baltimore County,county,,,,vote_center,Sollers Point Multi-Purpose Center,"323 Sollers Point Road, Baltimore, MD 21222",,ORR,2020-11-01,
2020-11-03,MD,Baltimore County,Baltimore County,county,,,,vote_center,Sparrows Point High School,"7400 North Point Road, Baltimore, MD 21219",,ORR,2020-11-01,
2020-11-03,MD,Baltimore County,Baltimore County,county,,,,vote_center,Towson High School,"69 Cedar Avenue, Baltimore, MD 21286",,ORR,2020-11-01,
2020-11-03,MD,Baltimore County,Baltimore County,county,,,,vote_center,Towson University - South Campus Pavilion,"1 Auburn Drive, Baltimore, MD 21204",,ORR,2020-11-01,
2020-11-03,MD,Baltimore County,Baltimore County,county,,,,vote_center,Victory Villa Community Center,"404 Compass Road, Baltimore, MD 21220",,ORR,2020-11-01,
2020-11-03,MD,Baltimore County,Baltimore County,county,,,,vote_center,Vincent Farm Elementary School,"6019 Ebenezer Road, White Marsh, MD 21162",,ORR,2020-11-01,
2020-11-03,MD,Baltimore County,Baltimore County,county,,,,vote_center,Western School of Technology,"100 Kenwood Avenue, Baltimore, MD 21228",,ORR,2020-11-01,
2020-11-03,MD,Baltimore County,Baltimore County,county,,,,vote_center,Woodlawn Community Center,"2120 Gwynn Oak Avenue, Gwynn Oak, MD 21207",,ORR,2020-11-01,
2020-11-03,MD,Baltimore County,Baltimore County,county,,,,vote_center,Woodlawn High School,"1801 Woodlawn Drive, Baltimore, MD 21207",,ORR,2020-11-01,
2020-11-03,MD,Calvert,Calvert,county,,,,vote_center,Calvert High School,"520 Fox Run Boulevard, Prince Frederick, MD 20678",,ORR,2020-11-01,
2020-11-03,MD,Calvert,Calvert,county,,,,vote_center,Community Resources Building,"30 Duke Street, Prince Frederick, MD 20678",,ORR,2020-11-01,
2020-11-03,MD,Calvert,Calvert,county,,,,vote_center,Huntingtown High School,"4125 Solomons Island Road, Huntingtown, MD 20639",,ORR,2020-11-01,
2020-11-03,MD,Calvert,Calvert,county,,,,vote_center,Northern High School,"2950 Chaneyville Road, Owings, MD 20736",,ORR,2020-11-01,
2020-11-03,MD,Calvert,Calvert,county,,,,vote_center,Patuxent High School,"12485 Southern Connector Boulevard, Lusby, MD 20657",,ORR,2020-11-01,
2020-11-03,MD,Caroline,Caroline,county,,,,vote_center,Greensboro VFC Community Hall,"13781 Greensboro Road, Greensboro, MD 21639",,ORR,2020-11-01,
2020-11-03,MD,Caroline,Caroline,county,,,,vote_center,Preston Fire Hall,"3680 Choptank Avenue, Preston, MD 21655",,ORR,2020-11-01,
2020-11-03,MD,Caroline,Caroline,county,,,,vote_center,The General James F. Fretterd Community Center,"107 S. 4th Street, Denton, MD 21629",,ORR,2020-11-01,
2020-11-03,MD,Carroll,Carroll,county,,,,vote_center,Francis Scott Key High School,"3825 Bark Hill Road, Union Bridge, MD 21791",,ORR,2020-11-01,
2020-11-03,MD,Carroll,Carroll,county,,,,vote_center,Liberty High School,"5855 Bartholow Road, Sykesville, MD 21784",,ORR,2020-11-01,
2020-11-03,MD,Carroll,Carroll,county,,,,vote_center,Manchester Valley High School,"3300 Maple Grove Road, Manchester, MD 21102",,ORR,2020-11-01,
2020-11-03,MD,Carroll,Carroll,county,,,,vote_center,North Carroll Middle School,"2401 Hanover Pike, Hampstead, MD 21074",,ORR,2020-11-01,
2020-11-03,MD,Carroll,Carroll,county,,,,vote_center,Old New Windsor Community Room,"1100 Green Valley Road, New Windsor, MD 21776",,ORR,2020-11-01,
2020-11-03,MD,Carroll,Carroll,county,,,,vote_center,Parrs Ridge Elementary School,"202 Watersville Road, Mount Airy, MD 21771",,ORR,2020-11-01,
2020-11-03,MD,Carroll,Carroll,county,,,,vote_center,Pleasant Valley Fire Department,"2030 S Pleasant Valley Road, Westminster, MD 21157",,ORR,2020-11-01,
2020-11-03,MD,Carroll,Carroll,county,,,,vote_center,Sandymount Elementary School,"2222 Old Westminster Pike, Finksburg, MD 21048",,ORR,2020-11-01,
2020-11-03,MD,Carroll,Carroll,county,,,,vote_center,South Carroll High School,"1300 W Old Liberty Road, Sykesville, MD 21784",,ORR,2020-11-01,
2020-11-03,MD,Carroll,Carroll,county,,,,vote_center,South Carroll Swim Club,"1900 W Liberty Road, Westminster, MD 21157",,ORR,2020-11-01,
2020-11-03,MD,Carroll,Carroll,county,,,,vote_center,Taneytown Elementary School,"100 Kings Drive, Taneytown, MD 21787",,ORR,2020-11-01,
2020-11-03,MD,Carroll,Carroll,county,,,,vote_center,Westminster Senior Center,"125 Stoner Avenue, Westminster, MD 21157",,ORR,2020-11-01,
2020-11-03,MD,Carroll,Carroll,county,,,,vote_center,Winters Mill High School,"560 Gorsuch Road, Westminster, MD 21157",,ORR,2020-11-01,
2020-11-03,MD,Cecil,Cecil,county,,,,vote_center,Bohemia Manor High School,"2755 Augustine Herman Highway, Chesapeake City, MD 21915",,ORR,2020-11-01,
2020-11-03,MD,Cecil,Cecil,county,,,,vote_center,Cecil County Government Administration Building,"200 Chesapeake Boulevard, Elkton, MD 21921",,ORR,2020-11-01,
2020-11-03,MD,Cecil,Cecil,county,,,,vote_center,Elkton High School,"110 James Street, Elkton, MD 21921",,ORR,2020-11-01,
2020-11-03,MD,Cecil,Cecil,county,,,,vote_center,North East High School,"300 Irishtown Road, North East, MD 21901",,ORR,2020-11-01,
2020-11-03,MD,Cecil,Cecil,county,,,,vote_center,Perryville High School,"1696 Perryville Road, Perryville, MD 21903",,ORR,2020-11-01,
2020-11-03,MD,Cecil,Cecil,county,,,,vote_center,Rising Sun High School,"100 Tiger Drive, North East, MD 21901",,ORR,2020-11-01,
2020-11-03,MD,Charles,Charles,county,,,,vote_center,Henry E. Lackey High School - Cafeteria,"3000 Chicamuxen Road, Indian Head, MD 20640",,ORR,2020-11-01,
2020-11-03,MD,Charles,Charles,county,,,,vote_center,La Plata High School - Common's Area,"6035 Radio Station Road, La Plata, MD 20646",,ORR,2020-11-01,
2020-11-03,MD,Charles,Charles,county,,,,vote_center,Maurice J. McDough High School - Gymnasium,"7165 Marshall Corner Road, Pomfret, MD 20675",,ORR,2020-11-01,
2020-11-03,MD,Charles,Charles,county,,,,vote_center,North Point High School - Gymnasium,"2500 Davis Road, Waldorf, MD 20601",,ORR,2020-11-01,
2020-11-03,MD,Charles,Charles,county,,,,vote_center,Piccowaxen Middle School,"12834 Rock Point Road, Newburg, MD 20664",,ORR,2020-11-01,
2020-11-03,MD,Charles,Charles,county,,,,vote_center,Sacred Heart Church Friendship Hall,"201 St. Mary's Avenue, La Plata, MD 20646",,ORR,2020-11-01,
2020-11-03,MD,Charles,Charles,county,,,,vote_center,St. Charles High School - Gymnasium,"5305 Piney Church Road, Waldorf, MD 20602",,ORR,2020-11-01,
2020-11-03,MD,Charles,Charles,county,,,,vote_center,Thomas Stone High School - Cafeteria,"3785 Leonardtown Road, Waldorf, MD 20601",,ORR,2020-11-01,
2020-11-03,MD,Charles,Charles,county,,,,vote_center,Westlake High School - Gymnasium,"3300 Middletown Road, Waldorf, MD 20603",,ORR,2020-11-01,
2020-11-03,MD,Dorchester,Dorchester,county,,,,vote_center,Cambridge - South Dorchester High School,"2475 Cambridge Beltway, Cambridge, MD 21613",,ORR,2020-11-01,
2020-11-03,MD,Dorchester,Dorchester,county,,,,vote_center,Dorchester County Office Building,"501 Court Lane, Cambridge, MD 21613",,ORR,2020-11-01,
2020-11-03,MD,Dorchester,Dorchester,county,,,,vote_center,North Dorchester High School,"5875 Cloverdale Road, Hurlock, MD 21643",,ORR,2020-11-01,
2020-11-03,MD,Frederick,Frederick,county,,,,vote_center,Brunswick Middle School,"301 Cummings Drive, Brunswick, MD 21716",,ORR,2020-11-01,
2020-11-03,MD,Frederick,Frederick,county,,,,vote_center,Catoctin High School,"14745 Sabillasville Road, Thurmont, MD 21788",,ORR,2020-11-01,
2020-11-03,MD,Frederick,Frederick,county,,,,vote_center,Cornerstone Fellowship Church,"66 Waverley Drive, Frederick, MD 21702",,ORR,2020-11-01,
2020-11-03,MD,Frederick,Frederick,county,,,,vote_center,Frederick High School,"650 Carroll Parkway, Frederick, MD 21701",,ORR,2020-11-01,
2020-11-03,MD,Frederick,Frederick,county,,,,vote_center,Governor Thomas Johnson High School,"1501 North Market Street, Frederick, MD 21701",,ORR,2020-11-01,
2020-11-03,MD,Frederick,Frederick,county,,,,vote_center,Linganore High School,"12013 Old Annapolis Road, Frederick, MD 21701",,ORR,2020-11-01,
2020-11-03,MD,Frederick,Frederick,county,,,,vote_center,Middletown High School,"200 Schoolhouse Drive, Middletown, MD 21769",,ORR,2020-11-01,
2020-11-03,MD,Frederick,Frederick,county,,,,vote_center,Middletown VFD Activities Center,"1 Fireman’s Lane, Middletown, MD 21769",,ORR,2020-11-01,
2020-11-03,MD,Frederick,Frederick,county,,,,vote_center,Oakdale High School,"5850 Eaglehead Drive, Ijamsville, MD 21754",,ORR,2020-11-01,
2020-11-03,MD,Frederick,Frederick,county,,,,vote_center,Tuscarora High School,"5312 Ballenger Creek Pike, Frederick, MD 21703",,ORR,2020-11-01,
2020-11-03,MD,Frederick,Frederick,county,,,,vote_center,Urbana High School,"3471 Campus Drive, Ijamsville, MD 21754",,ORR,2020-11-01,
2020-11-03,MD,Frederick,Frederick,county,,,,vote_center,Urbana Regional Library,"9020 Amelung Street, Frederick, MD 21704",,ORR,2020-11-01,
2020-11-03,MD,Frederick,Frederick,county,,,,vote_center,Walkersville High School,"81 West Frederick Street, Walkersville, MD 21793",,ORR,2020-11-01,
2020-11-03,MD,Frederick,Frederick,county,,,,vote_center,William R. Talley Recreation Center,"121 North Bentz Street, Frederick, MD 21701",,ORR,2020-11-01,
2020-11-03,MD,Garrett,Garrett,county,,,,vote_center,Northern High School,"86 Pride Parkway, Accident, MD 21520",,ORR,2020-11-01,
2020-11-03,MD,Garrett,Garrett,county,,,,vote_center,Northern Outreach Center,"12601 National Pike, Grantsville, MD 21536",,ORR,2020-11-01,
2020-11-03,MD,Garrett,Garrett,county,,,,vote_center,Oakland Community Center,"14 N 8th Street, Oakland, MD 21550",,ORR,2020-11-01,
2020-11-03,MD,Harford,Harford,county,,,,vote_center,Aberdeen Activity Center,"7 Franklin Street, Aberdeen, MD 21001",,ORR,2020-11-01,
2020-11-03,MD,Harford,Harford,county,,,,vote_center,Aberdeen High School,"251 Paradise Road, Aberdeen, MD 21001",,ORR,2020-11-01,
2020-11-03,MD,Harford,Harford,county,,,,vote_center,Bel Air High School,"100 Heighe Street, Bel Air, MD 21014",,ORR,2020-11-01,
2020-11-03,MD,Harford,Harford,county,,,,vote_center,C. Milton Wright High School,"1301 N. Fountain Green Road, Bel Air, MD 21015",,ORR,2020-11-01,
2020-11-03,MD,Harford,Harford,county,,,,vote_center,Dublin Elementary School,"1527 Whiteford Road, Street, MD 21154",,ORR,2020-11-01,
2020-11-03,MD,Harford,Harford,county,,,,vote_center,Edgewood High School,"2415 Willoughby Beach Road, Edgewood, MD 21040",,ORR,2020-11-01,
2020-11-03,MD,Harford,Harford,county,,,,vote_center,Edgewood Recreation Center,"1980 Brookside Drive, Edgewood, MD 21040",,ORR,2020-11-01,
2020-11-03,MD,Harford,Harford,county,,,,vote_center,Fallston High School,"2301 Carrs Mill Road, Fallston, MD 21047",,ORR,2020-11-01,
2020-11-03,MD,Harford,Harford,county,,,,vote_center,Forest Lakes Elementary School,"100 Osborne Parkway, Forest Hill, MD 21050",,ORR,2020-11-01,
2020-11-03,MD,Harford,Harford,county,,,,vote_center,Harford Technical High School,"200 Thomas Run Road, Bel Air, MD 21015",,ORR,2020-11-01,
2020-11-03,MD,Harford,Harford,county,,,,vote_center,Havre de Grace High School,"700 Congress Avenue, Havre de Grace, MD 21078",,ORR,2020-11-01,
2020-11-03,MD,Harford,Harford,county,,,,vote_center,Jarrettsville Fire Hall,"3825 Federal Hill Road, Jarrettsville, MD 21084",,ORR,2020-11-01,
2020-11-03,MD,Harford,Harford,county,,,,vote_center,Joppatowne Elementary School,"407 Trimble Road, Joppa, MD 21085",,ORR,2020-11-01,
2020-11-03,MD,Harford,Harford,county,,,,vote_center,McFaul Activities Center,"525 W MacPhail Road, Bel Air, MD 21014",,ORR,2020-11-01,
2020-11-03,MD,Harford,Harford,county,,,,vote_center,North Harford High School,"211 Pylesville Road, Pylesville, MD 21132",,ORR,2020-11-01,
2020-11-03,MD,Harford,Harford,county,,,,vote_center,Old Post Elementary School,"2706 Philadelphia Road, Abingdon, MD 21009",,ORR,2020-11-01,
2020-11-03,MD,Harford,Harford,county,,,,vote_center,Patterson Mill Middle/High School,"85 Patterson Mill Road, Bel Air, MD 21015",,ORR,2020-11-01,
2020-11-03,MD,Harford,Harford,county,,,,vote_center,Riverside Elementary School,"211 Stillmeadow Drive, Joppa, MD 21085",,ORR,2020-11-01,
2020-11-03,MD,Howard,Howard,county,,,,vote_center,Atholton High School,"6520 Freetown Road, Columbia, MD 21044",,ORR,2020-11-01,
2020-11-03,MD,Howard,Howard,county,,,,vote_center,Centennial High School,"4300 Centennial Lane, Ellicott City, MD 21042",,ORR,2020-11-01,
2020-11-03,MD,Howard,Howard,county,,,,vote_center,Elkridge Landing Middle School,"7085 Montgomery Road, Elkridge, MD 21075",,ORR,2020-11-01,
2020-11-03,MD,Howard,Howard,county,,,,vote_center,Glenelg High School,"14025 Burntwoods Road, Glenelg, MD 21737",,ORR,2020-11-01,
2020-11-03,MD,Howard,Howard,county,,,,vote_center,Hammond High School,"8800 Guilford Road, Columbia, MD 21046",,ORR,2020-11-01,
2020-11-03,MD,Howard,Howard,county,,,,vote_center,Howard High School,"8700 Old Annapolis Road, Ellicott City, MD 21043",,ORR,2020-11-01,
2020-11-03,MD,Howard,Howard,county,,,,vote_center,Laurel Woods Elementary School,"9250 N. Laurel Road, Laurel, MD 20723",,ORR,2020-11-01,
2020-11-03,MD,Howard,Howard,county,,,,vote_center,Lisbon Elementary School,"15901 Frederick Road, Lisbon, MD 21797",,ORR,2020-11-01,
2020-11-03,MD,Howard,Howard,county,,,,vote_center,Long Reach High School,"6101 Old Dobbin Lane, Columbia, MD 21045",,ORR,2020-11-01,
2020-11-03,MD,Howard,Howard,county,,,,vote_center,Marriotts Ridge High School,"12100 Woodford Drive, Marriottsville, MD 21104",,ORR,2020-11-01,
2020-11-03,MD,Howard,Howard,county,,,,vote_center,Meadowbrook Athletic Complex,"5001 Meadowbrook Lane, Ellicott City, MD 21043",,ORR,2020-11-01,
2020-11-03,MD,Howard,Howard,county,,,,vote_center,Mount Hebron High School,"9440 Old Frederick Road, Ellicott City, MD 21042",,ORR,2020-11-01,
2020-11-03,MD,Howard,Howard,county,,,,vote_center,Oakland Mills High School,"9410 Kilimanjaro Road, Columbia, MD 21045",,ORR,2020-11-01,
2020-11-03,MD,Howard,Howard,county,,,,vote_center,Patuxent Valley Middle School,"9151 Vollmerhausen Road, Jessup, MD 20794",,ORR,2020-11-01,
2020-11-03,MD,Howard,Howard,county,,,,vote_center,Reservoir High School,"11550 Scaggsville Road, Fulton, MD 20759",,ORR,2020-11-01,
2020-11-03,MD,Howard,Howard,county,,,,vote_center,River Hill High School,"12101 Clarksville Pike, Clarksville, MD 21029",,ORR,2020-11-01,
2020-11-03,MD,Howard,Howard,county,,,,vote_center,Wilde Lake High School,"5460 Trumpeter Road, Columbia, MD 21044",,ORR,2020-11-01,
2020-11-03,MD,Kent,Kent,county,,,,vote_center,Kent County Public Library,"408 High Street, Chestertown, MD 21620",,ORR,2020-11-01,
2020-11-03,MD,Kent,Kent,county,,,,vote_center,Millington Fire House,"185 Sassafras Street, Millington, MD 21651",,ORR,2020-11-01,
2020-11-03,MD,Kent,Kent,county,,,,vote_center,Rock Hall Fire Company,"21500 Rock Hall Avenue, Rock Hall, MD 21661",,ORR,2020-11-01,
2020-11-03,MD,Montgomery,Montgomery,county,,,,vote_center,ACTIVITY CENTER AT BOHRER PARK,"506 South Frederick Avenue, Gaithersburg, MD 20877",,ORR,2020-11-01,
2020-11-03,MD,Montgomery,Montgomery,county,,,,vote_center,ALBERT EINSTEIN HIGH SCHOOL,"11135 Newport Mill Road, Kensington, MD 20895",,ORR,2020-11-01,
2020-11-03,MD,Montgomery,Montgomery,county,,,,vote_center,Bethesda Chevy-Chase High School - Cafeteria,"4301 East-West Highway, Bethesda, MD 20814",,ORR,2020-11-01,
2020-11-03,MD,Montgomery,Montgomery,county,,,,vote_center,Bethesda Chevy-Chase High School - Gymnasium,"4301 East-West Highway, Bethesda, MD 20814",,ORR,2020-11-01,
2020-11-03,MD,Montgomery,Montgomery,county,,,,vote_center,CLARKSBURG HIGH SCHOOL,"22500 Wims Road, Clarksburg, MD 20871",,ORR,2020-11-01,
2020-11-03,MD,Montgomery,Montgomery,county,,,,vote_center,COL. ZADOK MAGRUDER HIGH SCHOOL,"5939 Muncaster Mill Road, Rockville, MD 20855",,ORR,2020-11-01,
2020-11-03,MD,Montgomery,Montgomery,county,,,,vote_center,DAMASCUS COMMUNITY RECREATION CENTER,"25520 Oak Drive, Damascus, MD 20872",,ORR,2020-11-01,
2020-11-03,MD,Montgomery,Montgomery,county,,,,vote_center,DAMASCUS HIGH SCHOOL,"25921 Ridge Road, Damascus, MD 20872",,ORR,2020-11-01,
2020-11-03,MD,Montgomery,Montgomery,county,,,,vote_center,EXECUTIVE OFFICE BUILDING,"101 Monroe Street, Rockville, MD 20850",,ORR,2020-11-01,
2020-11-03,MD,Montgomery,Montgomery,county,,,,vote_center,GAITHERSBURG HIGH SCHOOL,"101 Education Boulevard, Gaithersburg, MD 20877",,ORR,2020-11-01,
2020-11-03,MD,Montgomery,Montgomery,county,,,,vote_center,GERMANTOWN COMMUNITY RECREATION CENTER,"18905 Kingsview Road, Germantown, MD 20874",,ORR,2020-11-01,
2020-11-03,MD,Montgomery,Montgomery,county,,,,vote_center,JAMES HUBERT BLAKE HIGH SCHOOL,"300 Norwood Road, Silver Spring, MD 20905",,ORR,2020-11-01,
2020-11-03,MD,Montgomery,Montgomery,county,,,,vote_center,JANE E. LAWTON COMMUNITY RECREATION CENTER,"4301 Willow Lane, Chevy Chase, MD 20815",,ORR,2020-11-01,
2020-11-03,MD,Montgomery,Montgomery,county,,,,vote_center,JOHN F. KENNEDY HIGH SCHOOL,"1901 Randolph Road, Silver Spring, MD 20902",,ORR,2020-11-01,
2020-11-03,MD,Montgomery,Montgomery,county,,,,vote_center,MARILYN J. PRAISNER COMMUNITY RECREATION CENTER,"14906 Old Columbia Pike, Burtonsville, MD 20866",,ORR,2020-11-01,
2020-11-03,MD,Montgomery,Montgomery,county,,,,vote_center,MID-COUNTY COMMUNITY RECREATION CENTER,"2004 Queensguard Road, Silver Spring, MD 20906",,ORR,2020-11-01,
2020-11-03,MD,Montgomery,Montgomery,county,,,,vote_center,MONTGOMERY BLAIR HIGH SCHOOL,"51 University Boulevard East, Silver Spring, MD 20901",,ORR,2020-11-01,
2020-11-03,MD,Montgomery,Montgomery,county,,,,vote_center,"MONTGOMERY CO. CONFERENCE CENTER, MARRIOTT BETHESDA NORTH","5967 Executive Boulevard, North Bethesda, MD 20852",,ORR,2020-11-01,
2020-11-03,MD,Montgomery,Montgomery,county,,,,vote_center,NANCY H. DACEK N. POTOMAC COMMUNITY RECREATION CENTER,"13850 Travilah Road, Rockville, MD 20850",,ORR,2020-11-01,
2020-11-03,MD,Montgomery,Montgomery,county,,,,vote_center,NORTHWEST HIGH SCHOOL,"13501 Richter Farm Road, Germantown, MD 20874",,ORR,2020-11-01,
2020-11-03,MD,Montgomery,Montgomery,county,,,,vote_center,NORTHWOOD HIGH SCHOOL,"919 University Boulevard West, Silver Spring, MD 20901",,ORR,2020-11-01,
2020-11-03,MD,Montgomery,Montgomery,county,,,,vote_center,PAINT BRANCH HIGH SCHOOL,"14121 Old Columbia Pike, Burtonsville, MD 20866",,ORR,2020-11-01,
2020-11-03,MD,Montgomery,Montgomery,county,,,,vote_center,POOLESVILLE HIGH SCHOOL,"17501 West Willard Road, Poolesville, MD 20837",,ORR,2020-11-01,
2020-11-03,MD,Montgomery,Montgomery,county,,,,vote_center,POTOMAC COMMUNITY RECREATION CENTER,"11315 Falls Road, Potomac, MD 20854",,ORR,2020-11-01,
2020-11-03,MD,Montgomery,Montgomery,county,,,,vote_center,QUINCE ORCHARD HIGH SCHOOL,"15800 Quince Orchard Road, Gaithersburg, MD 20878",,ORR,2020-11-01,
2020-11-03,MD,Montgomery,Montgomery,county,,,,vote_center,RICHARD MONTGOMERY HIGH SCHOOL,"250 Richard Montgomery Drive, Rockville, MD 20852",,ORR,2020-11-01,
2020-11-03,MD,Montgomery,Montgomery,county,,,,vote_center,ROCKVILLE HIGH SCHOOL,"2100 Baltimore Road, Rockville, MD 20851",,ORR,2020-11-01,
2020-11-03,MD,Montgomery,Montgomery,county,,,,vote_center,SANDY SPRING VOLUNTEER FIRE DEPT,"17921 Brooke Road, Sandy Spring, MD 20860",,ORR,2020-11-01,
2020-11-03,MD,Montgomery,Montgomery,county,,,,vote_center,SENECA VALLEY HIGH SCHOOL,"19401 Crystal Rock Drive, Germantown, MD 20874",,ORR,2020-11-01,
2020-11-03,MD,Montgomery,Montgomery,county,,,,vote_center,SHERWOOD HIGH SCHOOL,"300 Olney-Sandy Spring Road, Sandy Spring, MD 20860",,ORR,2020-11-01,
2020-11-03,MD,Montgomery,Montgomery,county,,,,vote_center,SILVER SPRING CIVIC BUILDING,"1 Veterans Place, Silver Spring, MD 20910",,ORR,2020-11-01,
2020-11-03,MD,Montgomery,Montgomery,county,,,,vote_center,SPRINGBROOK HIGH SCHOOL,"201 Valley Brook Drive, Silver Spring, MD 20904",,ORR,2020-11-01,
2020-11-03,MD,Montgomery,Montgomery,county,,,,vote_center,THOMAS S. WOOTTON HIGH SCHOOL,"2100 Wootton Parkway, Rockville, MD 20850",,ORR,2020-11-01,
2020-11-03,MD,Montgomery,Montgomery,county,,,,vote_center,WALT WHITMAN HIGH SCHOOL,"7100 Whittier Boulevard, Bethesda, MD 20817",,ORR,2020-11-01,
2020-11-03,MD,Montgomery,Montgomery,county,,,,vote_center,WALTER JOHNSON HIGH SCHOOL,"6400 Rock Spring Drive, Bethesda, MD 20814",,ORR,2020-11-01,
2020-11-03,MD,Montgomery,Montgomery,county,,,,vote_center,WATKINS MILL HIGH SCHOOL,"10301 Apple Ridge Road, Gaithersburg, MD 20879",,ORR,2020-11-01,
2020-11-03,MD,Montgomery,Montgomery,county,,,,vote_center,WHEATON HIGH SCHOOL,"12401 Dalewood Drive, Silver Spring, MD 20906",,ORR,2020-11-01,
2020-11-03,MD,Montgomery,Montgomery,county,,,,vote_center,Wheaton Library & Community Recreation Center,"11701 Georgia Avenue, Wheaton, MD 20902",,ORR,2020-11-01,
2020-11-03,MD,Montgomery,Montgomery,county,,,,vote_center,WHITE OAK COMMUNITY RECREATION CENTER,"1700 April Lane, Silver Spring, MD 20904",,ORR,2020-11-01,
2020-11-03,MD,Montgomery,Montgomery,county,,,,vote_center,WINSTON CHURCHILL HIGH SCHOOL,"11300 Gainsborough Road, Potomac, MD 20854",,ORR,2020-11-01,
2020-11-03,MD,Prince George's,Prince George's,county,,,,vote_center,Accokeek VFD Training & Activity Center,"16111 Livingston Road, Accokeek, MD 20607",,ORR,2020-11-01,
2020-11-03,MD,Prince George's,Prince George's,county,,,,vote_center,Baden Community Center,"13601 Baden-Westwood Road, Brandywine, MD 20613",,ORR,2020-11-01,
2020-11-03,MD,Prince George's,Prince George's,county,,,,vote_center,Bladensburg High School,"4200 57th Avenue, Bladensburg, MD 20710",,ORR,2020-11-01,
2020-11-03,MD,Prince George's,Prince George's,county,,,,vote_center,Bowie Gymnasium,"4100 Northview Drive, Bowie, MD 20716",,ORR,2020-11-01,
2020-11-03,MD,Prince George's,Prince George's,county,,,,vote_center,Bowie High School,"15200 Annapolis Road, Bowie, MD 20715",,ORR,2020-11-01,
2020-11-03,MD,Prince George's,Prince George's,county,,,,vote_center,Bowie State University - James Gym,"14000 Jericho Park Road, Bowie, MD 20715",,ORR,2020-11-01,
2020-11-03,MD,Prince George's,Prince George's,county,,,,vote_center,Cedar Heights Community Center,"1200 Glen Willow Drive, Capitol Heights, MD 20743",,ORR,2020-11-01,
2020-11-03,MD,Prince George's,Prince George's,county,,,,vote_center,Central High at Forestville,"7001 Beltz Drive, Forestville, MD 20747",,ORR,2020-11-01,
2020-11-03,MD,Prince George's,Prince George's,county,,,,vote_center,Charles H. Flowers High School,"10001 Ardwick Ardmore Road, Upper Marlboro, MD 20774",,ORR,2020-11-01,
2020-11-03,MD,Prince George's,Prince George's,county,,,,vote_center,Crossland High School,"6901 Temple Hill Road, Temple Hills, MD 20748",,ORR,2020-11-01,
2020-11-03,MD,Prince George's,Prince George's,county,,,,vote_center,Deerfield Run School Community Center,"13000 Laurel-Bowie Road, Laurel, MD 20708",,ORR,2020-11-01,
2020-11-03,MD,Prince George's,Prince George's,county,,,,vote_center,"Dr. Henry A. Wise, Jr. High School","12650 Brooke Lane, Upper Marlboro, MD 20772",,ORR,2020-11-01,
2020-11-03,MD,Prince George's,Prince George's,county,,,,vote_center,Duval High School,"9880 Good Luck Road, Lanham, MD 20706",,ORR,2020-11-01,
2020-11-03,MD,Prince George's,Prince George's,county,,,,vote_center,Eleanor Roosevelt High School,"7601 Hanover Parkway, Greenbelt, MD 20770",,ORR,2020-11-01,
2020-11-03,MD,Prince George's,Prince George's,county,,,,vote_center,FedEx Field,"1600 FedEx Way, Landover, MD 20785",,ORR,2020-11-01,
2020-11-03,MD,Prince George's,Prince George's,county,,,,vote_center,Frederick Douglass High School,"8000 Croom Road, Upper Marlboro, MD 20772",,ORR,2020-11-01,
2020-11-03,MD,Prince George's,Prince George's,county,,,,vote_center,Friendly High School,"10000 Allentown Road, Fort Washington, MD 20744",,ORR,2020-11-01,
2020-11-03,MD,Prince George's,Prince George's,county,,,,vote_center,Glenn Dale Community Center,"11901 Glenn Dale Boulevard, Glenn Dale, MD 20769",,ORR,2020-11-01,
2020-11-03,MD,Prince George's,Prince George's,county,,,,vote_center,High Point High School,"3601 Powder Mill Road, Beltsville, MD 20705",,ORR,2020-11-01,
2020-11-03,MD,Prince George's,Prince George's,county,,,,vote_center,John E. Howard Community Center,"4400 Shell Street, Capitol Heights, MD 20743",,ORR,2020-11-01,
2020-11-03,MD,Prince George's,Prince George's,county,,,,vote_center,Kentland Community Center,"2413 Pinebrook Avenue, Landover, MD 20785",,ORR,2020-11-01,
2020-11-03,MD,Prince George's,Prince George's,county,,,,vote_center,Largo High School,"505 Largo Road, Upper Marlboro, MD 20774",,ORR,2020-11-01,
2020-11-03,MD,Prince George's,Prince George's,county,,,,vote_center,Largo/Kettering/Perrywood Community Center,"431 Watkins Park Drive, Upper Marlboro, MD 20774",,ORR,2020-11-01,
2020-11-03,MD,Prince George's,Prince George's,county,,,,vote_center,Laurel High School,"8000 Cherry Lane, Laurel, MD 20707",,ORR,2020-11-01,
2020-11-03,MD,Prince George's,Prince George's,county,,,,vote_center,Northwestern High School,"7000 Adelphi Road, Hyattsville, MD 20782",,ORR,2020-11-01,
2020-11-03,MD,Prince George's,Prince George's,county,,,,vote_center,Oxon Hill High School,"6701 Leyte Drive, Oxon Hill, MD 20745",,ORR,2020-11-01,
2020-11-03,MD,Prince George's,Prince George's,county,,,,vote_center,Parkdale High School,"6001 Good Luck Road, Riverdale, MD 20737",,ORR,2020-11-01,
2020-11-03,MD,Prince George's,Prince George's,county,,,,vote_center,Peppermill Community Center,"610 Hill Road, Landover, MD 20785",,ORR,2020-11-01,
2020-11-03,MD,Prince George's,Prince George's,county,,,,vote_center,Potomac High School,"5211 Boydell Avenue, Oxon Hill, MD 20745",,ORR,2020-11-01,
2020-11-03,MD,Prince George's,Prince George's,county,,,,vote_center,Rollingcrest Chillum Community Center,"6120 Sargent Road, Hyattsville, MD 20782",,ORR,2020-11-01,
2020-11-03,MD,Prince George's,Prince George's,county,,,,vote_center,Show Place Arena,"14900 Pennsylvania Avenue, Upper Marlboro, MD 20772",,ORR,2020-11-01,
2020-11-03,MD,Prince George's,Prince George's,county,,,,vote_center,South Bowie Community Center,"1717 Pittsfield Lane, Bowie, MD 20715",,ORR,2020-11-01,
2020-11-03,MD,Prince George's,Prince George's,county,,,,vote_center,Southern Area Aquatic and Recreation Complex,"13601 Missouri Avenue, Brandywine, MD 20613",,ORR,2020-11-01,
2020-11-03,MD,Prince George's,Prince George's,county,,,,vote_center,Southern Regional Technology and Recreation Complex,"7007 Bock Road, Fort Washington, MD 20744",,ORR,2020-11-01,
2020-11-03,MD,Prince George's,Prince George's,county,,,,vote_center,Suitland Community Park School Center,"5600 Regency Lane, Forestville, MD 20747",,ORR,2020-11-01,
2020-11-03,MD,Prince George's,Prince George's,county,,,,vote_center,Suitland High School,"5200 Silver Hill Road, Forestville, MD 20747",,ORR,2020-11-01,
2020-11-03,MD,Prince George's,Prince George's,county,,,,vote_center,Surrattsville High School,"6101 Garden Drive, Clinton, MD 20735",,ORR,2020-11-01,
2020-11-03,MD,Prince George's,Prince George's,county,,,,vote_center,Temple Hills Community Center,"5300 Temple Hill Road, Temple Hills, MD 20748",,ORR,2020-11-01,
2020-11-03,MD,Prince George's,Prince George's,county,,,,vote_center,The Pavilion at the University of Maryland Xfinity Center,"8500 Paint Branch Drive, College Park, MD 20740",,ORR,2020-11-01,
2020-11-03,MD,Prince George's,Prince George's,county,,,,vote_center,Wayne K. Curry Sports and Learning Center,"8001 Sheriff Road, Landover, MD 20785",,ORR,2020-11-01,
2020-11-03,MD,Prince George's,Prince George's,county,,,,vote_center,Westphalia Community Center,"8900 Westphalia Road, Upper Marlboro, MD 20774",,ORR,2020-11-01,
2020-11-03,MD,Queen Anne's,Queen Anne's,county,,,,vote_center,Church Hill Elementary School,"631 Main Street, Church Hill, MD 21623",,ORR,2020-11-01,
2020-11-03,MD,Queen Anne's,Queen Anne's,county,,,,vote_center,Grasonville Elementary School,"5435 Main Street, Grasonville, MD 21638",,ORR,2020-11-01,
2020-11-03,MD,Queen Anne's,Queen Anne's,county,,,,vote_center,Kennard Elementary School,"420 Little Kidwell Avenue, Centreville, MD 21617",,ORR,2020-11-01,
2020-11-03,MD,Queen Anne's,Queen Anne's,county,,,,vote_center,Kent Island Fire Department,"1610 Main Street, Chester, MD 21619",,ORR,2020-11-01,
2020-11-03,MD,Saint Mary's,Saint Mary's,county,,,,vote_center,Great Mills High School,"21130 Great Mills Road, Great Mills, MD 20634",,ORR,2020-11-01,
2020-11-03,MD,Saint Mary's,Saint Mary's,county,,,,vote_center,Hollywood Firehouse,"24801 Three Notch Road, Hollywood, MD 20636",,ORR,2020-11-01,
2020-11-03,MD,Saint Mary's,Saint Mary's,county,,,,vote_center,Leonardtown High School,"23995 Point Lookout Road, Leonardtown, MD 20650",,ORR,2020-11-01,
2020-11-03,MD,Saint Mary's,Saint Mary's,county,,,,vote_center,Lettie Marshal Dent Elementary School,"37840 New Market Turner Road, Mechanicsville, MD 20659",,ORR,2020-11-01,
2020-11-03,MD,Saint Mary's,Saint Mary's,county,,,,vote_center,Lexington Park Elementary School,"46763 Shangri-La Drive, Lexington Park, MD 20653",,ORR,2020-11-01,
2020-11-03,MD,Saint Mary's,Saint Mary's,county,,,,vote_center,Margaret Brent Middle School,"29675 Point Lookout Road, Mechanicsville, MD 20659",,ORR,2020-11-01,
2020-11-03,MD,Saint Mary's,Saint Mary's,county,,,,vote_center,Spring Ridge Middle School,"19856 Three Notch Road, Lexington Park, MD 20653",,ORR,2020-11-01,
2020-11-03,MD,Somerset,Somerset,county,,,,vote_center,Crisfield High School,"210 Somerset Avenue, Crisfield, MD 21817",,ORR,2020-11-01,
2020-11-03,MD,Somerset,Somerset,county,,,,vote_center,Ewell Elementary School (for Smith Island registered voters only),"4005 Smith Island Rd, Ewell, MD 21824",,ORR,2020-11-01,
2020-11-03,MD,Somerset,Somerset,county,,,,vote_center,Somerset County Technical High School,"7994 Tawes Campus Drive, Westover, MD 21871",,ORR,2020-11-01,
2020-11-03,MD,Somerset,Somerset,county,,,,vote_center,Washington High School,"10902 Old Princess Anne Road, Princess Anne, MD 21853",,ORR,2020-11-01,
2020-11-03,MD,Talbot,Talbot,county,,,,vote_center,Easton High School - Cafeteria,"723 Mecklenburg Avenue, Easton, MD 21601",,ORR,2020-11-01,
2020-11-03,MD,Talbot,Talbot,county,,,,vote_center,Easton Volunteer Fire Department - Bingo Hall,"315 Aurora Park Drive (enter from Creamery Lane), Easton, MD 21601",,ORR,2020-11-01,
2020-11-03,MD,Talbot,Talbot,county,,,,vote_center,St Michael Middle/High School - gymnasium,"200 Seymour Avenue, St. Michaels, MD 21663",,ORR,2020-11-01,
2020-11-03,MD,Talbot,Talbot,county,,,,vote_center,Tilghman Volunteer Fire Department,"5996 Tilghman Island Road, Tilghman, MD 21665",,ORR,2020-11-01,
2020-11-03,MD,Washington,Washington,county,,,,vote_center,Bester Elementary School Gym,"385 Mill Street, Hagerstown, MD 21740",,ORR,2020-11-01,
2020-11-03,MD,Washington,Washington,county,,,,vote_center,Boonsboro High School Gymnasium,"10 Campus Avenue, Boonsboro, MD 21713",,ORR,2020-11-01,
2020-11-03,MD,Washington,Washington,county,,,,vote_center,Clear Spring High School Gymnasium,"12630 Broadfording Road, Clear Spring, MD 21722",,ORR,2020-11-01,
2020-11-03,MD,Washington,Washington,county,,,,vote_center,Girls Inc. Gym,"626 Washington Avenue, Hagerstown, MD 21740",,ORR,2020-11-01,
2020-11-03,MD,Washington,Washington,county,,,,vote_center,Hancock Middle/Senior High - Cafeteria,"289 W. Main Street, Hancock, MD 21750",,ORR,2020-11-01,
2020-11-03,MD,Washington,Washington,county,,,,vote_center,North Hagerstown High School - Gymnasium,"1200 Pennsylvania Avenue, Hagerstown, MD 21742",,ORR,2020-11-01,
2020-11-03,MD,Washington,Washington,county,,,,vote_center,Pleasant Valley Elementary School - Cafeteria,"1707 Rohrersville Road, Knoxville, MD 21758",,ORR,2020-11-01,
2020-11-03,MD,Washington,Washington,county,,,,vote_center,Smithsburg Middle School - Cafeteria,"68 N. Main Street, Smithsburg, MD 21783",,ORR,2020-11-01,
2020-11-03,MD,Washington,Washington,county,,,,vote_center,South Hagerstown High School - Gymnasium,"1101 S. Potomac Street, Hagerstown, MD 21740",,ORR,2020-11-01,
2020-11-03,MD,Washington,Washington,county,,,,vote_center,Washington County Election Center,"17718 Virginia Avenue, Hagerstown, MD 21740",,ORR,2020-11-01,
2020-11-03,MD,Washington,Washington,county,,,,vote_center,Williamsport High School - Gymnasium,"5 S. Clifton Drive, Williamsport, MD 21795",,ORR,2020-11-01,
2020-11-03,MD,Wicomico,Wicomico,county,,,,vote_center,Beaver Run Elementary School,"31481 Old Ocean City Road, Salisbury, MD 21804",,ORR,2020-11-01,
2020-11-03,MD,Wicomico,Wicomico,county,,,,vote_center,Bennett Middle School,"532 S Division Street, Fruitland, MD 21826",,ORR,2020-11-01,
2020-11-03,MD,Wicomico,Wicomico,county,,,,vote_center,James M Bennett High School,"300 E College Avenue, Salisbury, MD 21804",,ORR,2020-11-01,
2020-11-03,MD,Wicomico,Wicomico,county,,,,vote_center,Mardela Middle/High School,"24940 Delmar Road, Mardela Springs, MD 21837",,ORR,2020-11-01,
2020-11-03,MD,Wicomico,Wicomico,county,,,,vote_center,Pemberton Elementary School,"1300 Pemberton Drive, Salisbury, MD 21801",,ORR,2020-11-01,
2020-11-03,MD,Wicomico,Wicomico,county,,,,vote_center,Salisbury Middle School,"607 Morris Street, Salisbury, MD 21801",,ORR,2020-11-01,
2020-11-03,MD,Wicomico,Wicomico,county,,,,vote_center,Westside Intermediate School,"8000 Quantico Rd, Hebron, MD 21830",,ORR,2020-11-01,
2020-11-03,MD,Wicomico,Wicomico,county,,,,vote_center,Wicomico Civic Center,"500 Glen Avenue, Salisbury, MD 21804",,ORR,2020-11-01,
2020-11-03,MD,Wicomico,Wicomico,county,,,,vote_center,Willards Elementary School,"36161 Richland Rd, Willards, MD 21874",,ORR,2020-11-01,
2020-11-03,MD,Worcester,Worcester,county,,,,vote_center,Pocomoke City Volunteer Fire Company Community Center,"1410 Market Street, Pocomoke City, MD 21851",,ORR,2020-11-01,
2020-11-03,MD,Worcester,Worcester,county,,,,vote_center,Roland E. Powell Convention Center,"4001 Coastal Highway, Ocean City, MD 21842",,ORR,2020-11-01,
2020-11-03,MD,Worcester,Worcester,county,,,,vote_center,Snow Hill Middle School,"522 Coulbourne Lane, Snow Hill, MD 21863",,ORR,2020-11-01,
2020-11-03,MD,Worcester,Worcester,county,,,,vote_center,Stephen Decatur Middle School,"9815 Seahawk Road, Berlin, MD 21811",,ORR,2020-11-01,
